Suite/Test/Step Name,Browser,Description,Start time,End time,Duration,Status
suite-safari,Safari 12,,2019-08-13 12:51:41,2019-08-13 13:24:26,32m - 44.315s,FAILED
,,,,,,
Test Cases/CRITICAL PATH - SPANISH/Increase quantity - cart page,Safari 12,,2019-08-13 12:51:42,2019-08-13 12:53:56,2m - 14.080s,PASSED
"callTestCase(findTestCase(""CALL - LANGUAGE TOGGLER""), [:], STOP_ON_FAILURE)",Safari 12,,2019-08-13 12:51:43,2019-08-13 12:52:28,44.901s,PASSED
delay(2),Safari 12,,2019-08-13 12:52:28,2019-08-13 12:52:30,2.006s,PASSED
"mouseOver(findTestObject(""CR-DESKTOP - SPANISH/Mega menu/SHOES""))",Safari 12,,2019-08-13 12:52:30,2019-08-13 12:52:30,0.418s,PASSED
delay(2),Safari 12,,2019-08-13 12:52:30,2019-08-13 12:52:32,2.013s,PASSED
"click(findTestObject(""CR-DESKTOP - SPANISH/Mega menu/shoes - tenis""))",Safari 12,,2019-08-13 12:52:32,2019-08-13 12:52:36,3.538s,PASSED
delay(2),Safari 12,,2019-08-13 12:52:36,2019-08-13 12:52:38,2.014s,PASSED
"click(findTestObject(""CR-DESKTOP/Collection page/product 3""))",Safari 12,,2019-08-13 12:52:38,2019-08-13 12:52:40,2.026s,PASSED
delay(2),Safari 12,,2019-08-13 12:52:40,2019-08-13 12:52:42,2.006s,PASSED
"click(findTestObject(""CR-DESKTOP - SPANISH/product page/verde neon""))",Safari 12,,2019-08-13 12:52:42,2019-08-13 12:52:42,0.239s,PASSED
delay(2),Safari 12,,2019-08-13 12:52:42,2019-08-13 12:52:44,2.008s,PASSED
"click(findTestObject(""CR-DESKTOP/product page/Size -6""))",Safari 12,,2019-08-13 12:52:44,2019-08-13 12:52:44,0.250s,PASSED
delay(2),Safari 12,,2019-08-13 12:52:44,2019-08-13 12:52:46,2.006s,PASSED
"click(findTestObject(""CR-DESKTOP - SPANISH/product page/Add to bag""))",Safari 12,,2019-08-13 12:52:46,2019-08-13 12:52:47,0.251s,PASSED
delay(2),Safari 12,,2019-08-13 12:52:47,2019-08-13 12:52:49,2.008s,PASSED
"click(findTestObject(""CR-DESKTOP/Cart flyout/Checkout""))",Safari 12,,2019-08-13 12:52:49,2019-08-13 12:52:55,6.374s,PASSED
delay(3),Safari 12,,2019-08-13 12:52:55,2019-08-13 12:52:58,3.008s,PASSED
"click(findTestObject(""CR-DESKTOP - SPANISH/Customer info page/cart page link""))",Safari 12,,2019-08-13 12:52:58,2019-08-13 12:53:00,2.289s,PASSED
delay(2),Safari 12,,2019-08-13 12:53:00,2019-08-13 12:53:02,2.007s,PASSED
"a = getText(findTestObject(""CR-DESKTOP/Cart page/Get price - subtotal- cart page""))",Safari 12,,2019-08-13 12:53:02,2019-08-13 12:53:02,0.092s,PASSED
delay(2),Safari 12,,2019-08-13 12:53:02,2019-08-13 12:53:04,2.006s,PASSED
"comment(""a="" + a)",Safari 12,,2019-08-13 12:53:04,2019-08-13 12:53:04,0.015s,PASSED
a1 = a.substring(1),Safari 12,,2019-08-13 12:53:04,2019-08-13 12:53:04,0.003s,PASSED
"comment(""a1="" + a1)",Safari 12,,2019-08-13 12:53:04,2019-08-13 12:53:04,0.005s,PASSED
delay(2),Safari 12,,2019-08-13 12:53:04,2019-08-13 12:53:06,2.006s,PASSED
"setText(findTestObject(""CR-DESKTOP - SPANISH/Cart page/input update qunatity""), ""4"")",Safari 12,,2019-08-13 12:53:06,2019-08-13 12:53:07,0.272s,PASSED
delay(2),Safari 12,,2019-08-13 12:53:07,2019-08-13 12:53:09,2.002s,PASSED
"click(findTestObject(""CR-DESKTOP/Cart page/td_Quantity""))",Safari 12,,2019-08-13 12:53:09,2019-08-13 12:53:09,0.134s,PASSED
delay(2),Safari 12,,2019-08-13 12:53:09,2019-08-13 12:53:11,2.005s,PASSED
"setText(findTestObject(""CR-DESKTOP - SPANISH/Cart page/input update qunatity""), ""6"")",Safari 12,,2019-08-13 12:53:11,2019-08-13 12:53:11,0.295s,PASSED
delay(2),Safari 12,,2019-08-13 12:53:11,2019-08-13 12:53:13,2.005s,PASSED
"click(findTestObject(""CR-DESKTOP/Cart page/td_Quantity""))",Safari 12,,2019-08-13 12:53:13,2019-08-13 12:53:13,0.144s,PASSED
delay(2),Safari 12,,2019-08-13 12:53:13,2019-08-13 12:53:15,2.009s,PASSED
"click(findTestObject(""CR-DESKTOP/Cart page/Update cart""))",Safari 12,,2019-08-13 12:53:15,2019-08-13 12:53:15,0.190s,PASSED
delay(2),Safari 12,,2019-08-13 12:53:15,2019-08-13 12:53:17,2.005s,PASSED
"b = getText(findTestObject(""CR-DESKTOP - SPANISH/Cart page/Get price - subtotal- cart page""))",Safari 12,,2019-08-13 12:53:17,2019-08-13 12:53:17,0.061s,PASSED
delay(2),Safari 12,,2019-08-13 12:53:17,2019-08-13 12:53:19,2.004s,PASSED
"comment(""b="" + b)",Safari 12,,2019-08-13 12:53:19,2019-08-13 12:53:19,0.002s,PASSED
b1 = b.substring(1),Safari 12,,2019-08-13 12:53:19,2019-08-13 12:53:19,0.001s,PASSED
"comment(""b1="" + b1)",Safari 12,,2019-08-13 12:53:19,2019-08-13 12:53:19,0.002s,PASSED
delay(2),Safari 12,,2019-08-13 12:53:19,2019-08-13 12:53:21,2.003s,PASSED
delay(2),Safari 12,,2019-08-13 12:53:21,2019-08-13 12:53:23,2.006s,PASSED
p1 = <not implemented yet for class: org.codehaus.groovy.ast.expr.EmptyExpression>,Safari 12,,2019-08-13 12:53:23,2019-08-13 12:53:23,0.001s,PASSED
p2 = <not implemented yet for class: org.codehaus.groovy.ast.expr.EmptyExpression>,Safari 12,,2019-08-13 12:53:23,2019-08-13 12:53:23,0.001s,PASSED
try,Safari 12,,2019-08-13 12:53:23,2019-08-13 12:53:24,0.015s,PASSED
try,Safari 12,,2019-08-13 12:53:24,2019-08-13 12:53:24,0.004s,PASSED
"flag = verifyNotEqual(p1, p2)",Safari 12,,2019-08-13 12:53:24,2019-08-13 12:53:24,0.007s,PASSED
if (flag == true),Safari 12,,2019-08-13 12:53:24,2019-08-13 12:53:24,0.003s,PASSED
"click(findTestObject(""CR-DESKTOP/Cart page/Check out - cart page""))",Safari 12,,2019-08-13 12:53:24,2019-08-13 12:53:27,3.370s,PASSED
"callTestCase(findTestCase(""CALL - CUTOMER INFO PAGE""), [:], STOP_ON_FAILURE)",Safari 12,,2019-08-13 12:53:27,2019-08-13 12:53:46,19.293s,PASSED
"callTestCase(findTestCase(""CALL- SHIPPING TO PAYMENT""), [:], STOP_ON_FAILURE)",Safari 12,,2019-08-13 12:53:46,2019-08-13 12:53:56,9.887s,PASSED
,,,,,,
Test Cases/CRITICAL PATH - SPANISH/Increase quantity - cart flyout,Safari 12,,2019-08-13 12:53:56,2019-08-13 12:54:56,59.414s,FAILED
"callTestCase(findTestCase(""CALL - LANGUAGE TOGGLER""), [:], STOP_ON_FAILURE)",Safari 12,,2019-08-13 12:53:57,2019-08-13 12:54:49,51.898s,PASSED
delay(2),Safari 12,,2019-08-13 12:54:49,2019-08-13 12:54:51,2.009s,PASSED
"mouseOver(findTestObject(""CR-DESKTOP - SPANISH/Mega menu/SHOES""))",Safari 12,,2019-08-13 12:54:51,2019-08-13 12:54:51,0.587s,PASSED
delay(2),Safari 12,,2019-08-13 12:54:51,2019-08-13 12:54:53,2.008s,PASSED
"click(findTestObject(""CR-DESKTOP - SPANISH/Mega menu/shoes - tenis""))",Safari 12,,2019-08-13 12:54:53,2019-08-13 12:54:55,2.185s,FAILED
,,,,,,
Test Cases/CRITICAL PATH - SPANISH/Quick add,Safari 12,,2019-08-13 12:54:56,2019-08-13 12:55:49,53.113s,FAILED
"callTestCase(findTestCase(""CALL - LANGUAGE TOGGLER""), [:], STOP_ON_FAILURE)",Safari 12,,2019-08-13 12:54:56,2019-08-13 12:55:08,11.928s,PASSED
delay(2),Safari 12,,2019-08-13 12:55:08,2019-08-13 12:55:10,2.002s,PASSED
"mouseOver(findTestObject(""CR-DESKTOP - SPANISH/Mega menu/SHOES""))",Safari 12,,2019-08-13 12:55:10,2019-08-13 12:55:10,0.156s,PASSED
delay(2),Safari 12,,2019-08-13 12:55:10,2019-08-13 12:55:12,2.003s,PASSED
"click(findTestObject(""CR-DESKTOP - SPANISH/Mega menu/shoes - tenis""))",Safari 12,,2019-08-13 12:55:12,2019-08-13 12:55:14,1.485s,PASSED
delay(2),Safari 12,,2019-08-13 12:55:14,2019-08-13 12:55:16,2.001s,PASSED
"mouseOver(findTestObject(""CR-DESKTOP/Collection page/product 3""))",Safari 12,,2019-08-13 12:55:16,2019-08-13 12:55:16,0.162s,PASSED
delay(2),Safari 12,,2019-08-13 12:55:16,2019-08-13 12:55:18,2.019s,PASSED
"click(findTestObject(""CR-DESKTOP/product page/Quick add""))",Safari 12,,2019-08-13 12:55:18,2019-08-13 12:55:18,0.134s,PASSED
delay(2),Safari 12,,2019-08-13 12:55:18,2019-08-13 12:55:20,2.011s,PASSED
"click(findTestObject(""CR-DESKTOP/product page/Quick add - size - 6""))",Safari 12,,2019-08-13 12:55:20,2019-08-13 12:55:20,0.223s,PASSED
delay(2),Safari 12,,2019-08-13 12:55:20,2019-08-13 12:55:22,2.006s,PASSED
"click(findTestObject(""CR-DESKTOP/Cart flyout/Checkout""))",Safari 12,,2019-08-13 12:55:22,2019-08-13 12:55:28,6.144s,PASSED
"callTestCase(findTestCase(""CALL - CUTOMER INFO PAGE""), [:], STOP_ON_FAILURE)",Safari 12,,2019-08-13 12:55:28,2019-08-13 12:55:43,14.577s,PASSED
"callTestCase(findTestCase(""CALL- SHIPPING TO PAYMENT""), [:], STOP_ON_FAILURE)",Safari 12,,2019-08-13 12:55:43,2019-08-13 12:55:49,5.832s,FAILED
,,,,,,
Test Cases/CRITICAL PATH - SPANISH/Price comparison - cart page,Safari 12,,2019-08-13 12:55:49,2019-08-13 12:56:58,1m - 9.505s,FAILED
"callTestCase(findTestCase(""CALL - LANGUAGE TOGGLER""), [:], STOP_ON_FAILURE)",Safari 12,,2019-08-13 12:55:49,2019-08-13 12:56:02,13.316s,PASSED
delay(2),Safari 12,,2019-08-13 12:56:02,2019-08-13 12:56:04,2.005s,PASSED
"mouseOver(findTestObject(""CR-DESKTOP - SPANISH/Mega menu/SHOES""))",Safari 12,,2019-08-13 12:56:04,2019-08-13 12:56:04,0.142s,PASSED
delay(2),Safari 12,,2019-08-13 12:56:04,2019-08-13 12:56:06,2.005s,PASSED
"click(findTestObject(""CR-DESKTOP - SPANISH/Mega menu/shoes - tenis""))",Safari 12,,2019-08-13 12:56:06,2019-08-13 12:56:08,1.934s,PASSED
delay(2),Safari 12,,2019-08-13 12:56:08,2019-08-13 12:56:10,2.003s,PASSED
"click(findTestObject(""CR-DESKTOP/Collection page/product 3""))",Safari 12,,2019-08-13 12:56:10,2019-08-13 12:56:12,1.248s,PASSED
delay(2),Safari 12,,2019-08-13 12:56:12,2019-08-13 12:56:14,2.004s,PASSED
"click(findTestObject(""CR-DESKTOP - SPANISH/product page/verde neon""))",Safari 12,,2019-08-13 12:56:14,2019-08-13 12:56:14,0.149s,PASSED
delay(2),Safari 12,,2019-08-13 12:56:14,2019-08-13 12:56:16,2.003s,PASSED
"click(findTestObject(""CR-DESKTOP/product page/Size -6""))",Safari 12,,2019-08-13 12:56:16,2019-08-13 12:56:16,0.151s,PASSED
delay(2),Safari 12,,2019-08-13 12:56:16,2019-08-13 12:56:18,2.007s,PASSED
"click(findTestObject(""CR-DESKTOP - SPANISH/product page/Add to bag""))",Safari 12,,2019-08-13 12:56:18,2019-08-13 12:56:18,0.136s,PASSED
delay(2),Safari 12,,2019-08-13 12:56:18,2019-08-13 12:56:20,2.002s,PASSED
"setText(findTestObject(""CR-DESKTOP - SPANISH/Cart flyout/Input update - cart flyout""), ""8"")",Safari 12,,2019-08-13 12:56:20,2019-08-13 12:56:20,0.196s,PASSED
delay(2),Safari 12,,2019-08-13 12:56:20,2019-08-13 12:56:22,2.006s,PASSED
"click(findTestObject(""CR-DESKTOP/Cart flyout/cart collpase""))",Safari 12,,2019-08-13 12:56:22,2019-08-13 12:56:22,0.061s,PASSED
delay(2),Safari 12,,2019-08-13 12:56:22,2019-08-13 12:56:24,2.003s,PASSED
"mouseOver(findTestObject(""CR-DESKTOP - SPANISH/Mega menu/a_Jeans""))",Safari 12,,2019-08-13 12:56:24,2019-08-13 12:56:25,0.137s,PASSED
delay(2),Safari 12,,2019-08-13 12:56:25,2019-08-13 12:56:27,2.006s,PASSED
"click(findTestObject(""CR-DESKTOP - SPANISH/Mega menu/Jeans- Boy friend jeans""))",Safari 12,,2019-08-13 12:56:27,2019-08-13 12:56:27,0.054s,PASSED
delay(2),Safari 12,,2019-08-13 12:56:27,2019-08-13 12:56:29,2.006s,PASSED
"click(findTestObject(""CR-DESKTOP/Collection page/Product 2""))",Safari 12,,2019-08-13 12:56:29,2019-08-13 12:56:30,1.687s,PASSED
delay(2),Safari 12,,2019-08-13 12:56:30,2019-08-13 12:56:32,2.005s,PASSED
"click(findTestObject(""CR-DESKTOP/product page/size -18""))",Safari 12,,2019-08-13 12:56:32,2019-08-13 12:56:32,0.097s,PASSED
delay(2),Safari 12,,2019-08-13 12:56:32,2019-08-13 12:56:34,2.006s,PASSED
"click(findTestObject(""CR-DESKTOP - SPANISH/product page/Add to bag""))",Safari 12,,2019-08-13 12:56:34,2019-08-13 12:56:35,0.130s,PASSED
delay(2),Safari 12,,2019-08-13 12:56:35,2019-08-13 12:56:37,2.005s,PASSED
"click(findTestObject(""CR-DESKTOP/Cart flyout/Checkout""))",Safari 12,,2019-08-13 12:56:37,2019-08-13 12:56:43,6.022s,PASSED
delay(3),Safari 12,,2019-08-13 12:56:43,2019-08-13 12:56:46,3.004s,PASSED
"click(findTestObject(""CR-DESKTOP - SPANISH/Customer info page/cart page link""))",Safari 12,,2019-08-13 12:56:46,2019-08-13 12:56:48,2.342s,PASSED
delay(2),Safari 12,,2019-08-13 12:56:48,2019-08-13 12:56:50,2.002s,PASSED
"a = getText(findTestObject(""CR-DESKTOP/Cart page/Get price - prod 1-cart page""))",Safari 12,,2019-08-13 12:56:50,2019-08-13 12:56:50,0.138s,PASSED
delay(2),Safari 12,,2019-08-13 12:56:50,2019-08-13 12:56:52,2.002s,PASSED
"comment(""a="" + a)",Safari 12,,2019-08-13 12:56:52,2019-08-13 12:56:52,0.001s,PASSED
a1 = a.substring(1),Safari 12,,2019-08-13 12:56:52,2019-08-13 12:56:52,0.000s,PASSED
"comment(""a1="" + a1)",Safari 12,,2019-08-13 12:56:52,2019-08-13 12:56:52,0.000s,PASSED
p1 = <not implemented yet for class: org.codehaus.groovy.ast.expr.EmptyExpression>,Safari 12,,2019-08-13 12:56:52,2019-08-13 12:56:52,0.001s,PASSED
p2 = <not implemented yet for class: org.codehaus.groovy.ast.expr.EmptyExpression>,Safari 12,,2019-08-13 12:56:52,2019-08-13 12:56:52,0.000s,PASSED
p3 = <not implemented yet for class: org.codehaus.groovy.ast.expr.EmptyExpression>,Safari 12,,2019-08-13 12:56:52,2019-08-13 12:56:52,0.000s,PASSED
try,Safari 12,,2019-08-13 12:56:52,2019-08-13 12:56:52,0.002s,PASSED
catch (NumberFormatException ex),Safari 12,,2019-08-13 12:56:52,2019-08-13 12:56:52,0.001s,PASSED
"b = getText(findTestObject(""CR-DESKTOP/Cart page/Get price - prod 2 - cart page""))",Safari 12,,2019-08-13 12:56:52,2019-08-13 12:56:52,0.037s,PASSED
delay(2),Safari 12,,2019-08-13 12:56:52,2019-08-13 12:56:54,2.006s,PASSED
"comment(""b="" + b)",Safari 12,,2019-08-13 12:56:54,2019-08-13 12:56:54,0.003s,PASSED
b1 = b.substring(1),Safari 12,,2019-08-13 12:56:54,2019-08-13 12:56:54,0.001s,PASSED
"comment(""b1="" + b1)",Safari 12,,2019-08-13 12:56:54,2019-08-13 12:56:54,0.002s,PASSED
delay(2),Safari 12,,2019-08-13 12:56:54,2019-08-13 12:56:56,2.004s,PASSED
try,Safari 12,,2019-08-13 12:56:56,2019-08-13 12:56:56,0.001s,PASSED
catch (NumberFormatException ex),Safari 12,,2019-08-13 12:56:56,2019-08-13 12:56:56,0.000s,PASSED
total = p1 + p2,Safari 12,,2019-08-13 12:56:56,2019-08-13 12:56:56,0.000s,PASSED
"comment(""total="" + total)",Safari 12,,2019-08-13 12:56:56,2019-08-13 12:56:56,0.001s,PASSED
"c = getText(findTestObject(""CR-DESKTOP/Cart page/Get price - subtotal- cart page""))",Safari 12,,2019-08-13 12:56:56,2019-08-13 12:56:56,0.026s,PASSED
delay(2),Safari 12,,2019-08-13 12:56:56,2019-08-13 12:56:58,2.005s,PASSED
"comment(""c="" + c)",Safari 12,,2019-08-13 12:56:58,2019-08-13 12:56:58,0.000s,PASSED
c1 = c.substring(1),Safari 12,,2019-08-13 12:56:58,2019-08-13 12:56:58,0.001s,PASSED
"comment(""c1="" + c1)",Safari 12,,2019-08-13 12:56:58,2019-08-13 12:56:58,0.000s,PASSED
try,Safari 12,,2019-08-13 12:56:58,2019-08-13 12:56:58,0.007s,PASSED
"verifyEqual(p3, total)",Safari 12,,2019-08-13 12:56:58,2019-08-13 12:56:58,0.011s,FAILED
,,,,,,
Test Cases/CRITICAL PATH - SPANISH/Decrease quantity - cart page,Safari 12,,2019-08-13 12:56:58,2019-08-13 12:58:20,1m - 21.712s,FAILED
"callTestCase(findTestCase(""CALL - LANGUAGE TOGGLER""), [:], STOP_ON_FAILURE)",Safari 12,,2019-08-13 12:56:58,2019-08-13 12:57:05,7.059s,PASSED
delay(2),Safari 12,,2019-08-13 12:57:05,2019-08-13 12:57:07,2.005s,PASSED
"mouseOver(findTestObject(""CR-DESKTOP - SPANISH/Mega menu/SHOES""))",Safari 12,,2019-08-13 12:57:07,2019-08-13 12:57:08,0.209s,PASSED
delay(2),Safari 12,,2019-08-13 12:57:08,2019-08-13 12:57:10,2.002s,PASSED
"click(findTestObject(""CR-DESKTOP - SPANISH/Mega menu/shoes - tenis""))",Safari 12,,2019-08-13 12:57:10,2019-08-13 12:57:12,2.188s,PASSED
delay(2),Safari 12,,2019-08-13 12:57:12,2019-08-13 12:57:14,2.005s,PASSED
"click(findTestObject(""CR-DESKTOP/Collection page/product 3""))",Safari 12,,2019-08-13 12:57:14,2019-08-13 12:57:15,1.361s,PASSED
delay(2),Safari 12,,2019-08-13 12:57:15,2019-08-13 12:57:17,2.006s,PASSED
"click(findTestObject(""CR-DESKTOP - SPANISH/product page/verde neon""))",Safari 12,,2019-08-13 12:57:17,2019-08-13 12:57:17,0.127s,PASSED
delay(2),Safari 12,,2019-08-13 12:57:17,2019-08-13 12:57:19,2.002s,PASSED
"click(findTestObject(""CR-DESKTOP/product page/Size -6""))",Safari 12,,2019-08-13 12:57:19,2019-08-13 12:57:19,0.092s,PASSED
delay(2),Safari 12,,2019-08-13 12:57:19,2019-08-13 12:57:21,2.004s,PASSED
"click(findTestObject(""CR-DESKTOP - SPANISH/product page/Add to bag""))",Safari 12,,2019-08-13 12:57:21,2019-08-13 12:57:22,0.144s,PASSED
delay(3),Safari 12,,2019-08-13 12:57:22,2019-08-13 12:57:25,3.004s,PASSED
"click(findTestObject(""CR-DESKTOP/Cart flyout/cart quantity increase - cart flyout""))",Safari 12,,2019-08-13 12:57:25,2019-08-13 12:57:25,0.065s,PASSED
delay(2),Safari 12,,2019-08-13 12:57:25,2019-08-13 12:57:27,2.007s,PASSED
"click(findTestObject(""CR-DESKTOP/Cart flyout/cart quantity increase - cart flyout""))",Safari 12,,2019-08-13 12:57:27,2019-08-13 12:57:27,0.073s,PASSED
delay(2),Safari 12,,2019-08-13 12:57:27,2019-08-13 12:57:29,2.007s,PASSED
"click(findTestObject(""CR-DESKTOP/Cart flyout/cart quantity increase - cart flyout""))",Safari 12,,2019-08-13 12:57:29,2019-08-13 12:57:29,0.093s,PASSED
delay(2),Safari 12,,2019-08-13 12:57:29,2019-08-13 12:57:31,2.003s,PASSED
"click(findTestObject(""CR-DESKTOP/Cart flyout/cart quantity increase - cart flyout""))",Safari 12,,2019-08-13 12:57:31,2019-08-13 12:57:31,0.062s,PASSED
delay(2),Safari 12,,2019-08-13 12:57:31,2019-08-13 12:57:33,2.003s,PASSED
"click(findTestObject(""CR-DESKTOP/Cart flyout/Checkout""))",Safari 12,,2019-08-13 12:57:33,2019-08-13 12:57:37,4.147s,PASSED
delay(3),Safari 12,,2019-08-13 12:57:37,2019-08-13 12:57:40,3.005s,PASSED
"click(findTestObject(""CR-DESKTOP - SPANISH/Customer info page/cart page link""))",Safari 12,,2019-08-13 12:57:40,2019-08-13 12:57:41,1.136s,PASSED
delay(2),Safari 12,,2019-08-13 12:57:41,2019-08-13 12:57:43,2.003s,PASSED
"a = getText(findTestObject(""CR-DESKTOP/Cart page/Get price - subtotal- cart page""))",Safari 12,,2019-08-13 12:57:43,2019-08-13 12:57:43,0.050s,PASSED
delay(2),Safari 12,,2019-08-13 12:57:43,2019-08-13 12:57:45,2.004s,PASSED
"comment(""a="" + a)",Safari 12,,2019-08-13 12:57:45,2019-08-13 12:57:45,0.001s,PASSED
a1 = a.substring(1),Safari 12,,2019-08-13 12:57:45,2019-08-13 12:57:45,0.000s,PASSED
"comment(""a1="" + a1)",Safari 12,,2019-08-13 12:57:45,2019-08-13 12:57:45,0.001s,PASSED
delay(2),Safari 12,,2019-08-13 12:57:45,2019-08-13 12:57:47,2.004s,PASSED
"setText(findTestObject(""CR-DESKTOP - SPANISH/Cart page/input update qunatity""), ""4"")",Safari 12,,2019-08-13 12:57:47,2019-08-13 12:57:47,0.162s,PASSED
delay(2),Safari 12,,2019-08-13 12:57:47,2019-08-13 12:57:49,2.002s,PASSED
"click(findTestObject(""CR-DESKTOP/Cart page/td_Quantity""))",Safari 12,,2019-08-13 12:57:49,2019-08-13 12:57:49,0.068s,PASSED
delay(2),Safari 12,,2019-08-13 12:57:49,2019-08-13 12:57:51,2.002s,PASSED
"setText(findTestObject(""CR-DESKTOP - SPANISH/Cart page/input update qunatity""), ""2"")",Safari 12,,2019-08-13 12:57:51,2019-08-13 12:57:52,0.598s,PASSED
delay(2),Safari 12,,2019-08-13 12:57:52,2019-08-13 12:57:54,2.008s,PASSED
"click(findTestObject(""CR-DESKTOP/Cart page/td_Quantity""))",Safari 12,,2019-08-13 12:57:54,2019-08-13 12:57:54,0.102s,PASSED
delay(2),Safari 12,,2019-08-13 12:57:54,2019-08-13 12:57:56,2.006s,PASSED
"click(findTestObject(""CR-DESKTOP/Cart page/Update cart""))",Safari 12,,2019-08-13 12:57:56,2019-08-13 12:57:56,0.222s,PASSED
delay(2),Safari 12,,2019-08-13 12:57:56,2019-08-13 12:57:58,2.002s,PASSED
"b = getText(findTestObject(""CR-DESKTOP - SPANISH/Cart page/Get price - subtotal- cart page""))",Safari 12,,2019-08-13 12:57:58,2019-08-13 12:57:59,0.717s,PASSED
delay(2),Safari 12,,2019-08-13 12:57:59,2019-08-13 12:58:01,2.017s,PASSED
"comment(""b="" + b)",Safari 12,,2019-08-13 12:58:01,2019-08-13 12:58:01,0.001s,PASSED
b1 = b.substring(1),Safari 12,,2019-08-13 12:58:01,2019-08-13 12:58:01,0.000s,PASSED
"comment(""b1="" + b1)",Safari 12,,2019-08-13 12:58:01,2019-08-13 12:58:01,0.000s,PASSED
delay(2),Safari 12,,2019-08-13 12:58:01,2019-08-13 12:58:03,2.002s,PASSED
delay(2),Safari 12,,2019-08-13 12:58:03,2019-08-13 12:58:05,2.003s,PASSED
p1 = <not implemented yet for class: org.codehaus.groovy.ast.expr.EmptyExpression>,Safari 12,,2019-08-13 12:58:05,2019-08-13 12:58:05,0.000s,PASSED
p2 = <not implemented yet for class: org.codehaus.groovy.ast.expr.EmptyExpression>,Safari 12,,2019-08-13 12:58:05,2019-08-13 12:58:05,0.000s,PASSED
try,Safari 12,,2019-08-13 12:58:05,2019-08-13 12:58:05,0.008s,PASSED
try,Safari 12,,2019-08-13 12:58:05,2019-08-13 12:58:05,0.005s,PASSED
"flag = verifyNotEqual(p1, p2)",Safari 12,,2019-08-13 12:58:05,2019-08-13 12:58:05,0.001s,PASSED
if (flag == true),Safari 12,,2019-08-13 12:58:05,2019-08-13 12:58:05,0.001s,PASSED
"click(findTestObject(""CR-DESKTOP/Cart page/Check out - cart page""))",Safari 12,,2019-08-13 12:58:05,2019-08-13 12:58:08,3.254s,PASSED
"callTestCase(findTestCase(""CALL - CUTOMER INFO PAGE""), [:], STOP_ON_FAILURE)",Safari 12,,2019-08-13 12:58:08,2019-08-13 12:58:20,11.444s,FAILED
,,,,,,
Test Cases/CRITICAL PATH - SPANISH/Login and Logout,Safari 12,,2019-08-13 12:58:20,2019-08-13 12:59:30,1m - 9.678s,FAILED
"callTestCase(findTestCase(""CALL - LANGUAGE TOGGLER""), [:], STOP_ON_FAILURE)",Safari 12,,2019-08-13 12:58:20,2019-08-13 12:58:35,15.175s,PASSED
delay(2),Safari 12,,2019-08-13 12:58:35,2019-08-13 12:58:37,2.004s,PASSED
"click(findTestObject(""CR-DESKTOP - SPANISH/Home page/Login/Account icon""))",Safari 12,,2019-08-13 12:58:37,2019-08-13 12:58:39,1.636s,PASSED
delay(2),Safari 12,,2019-08-13 12:58:39,2019-08-13 12:58:41,2.006s,PASSED
"setText(findTestObject(""CR-DESKTOP/Home page/Login/Email""), ""suman.kompelly+1@diffagency.com"")",Safari 12,,2019-08-13 12:58:41,2019-08-13 12:58:41,0.383s,PASSED
delay(2),Safari 12,,2019-08-13 12:58:41,2019-08-13 12:58:43,2.006s,PASSED
"setEncryptedText(findTestObject(""CR-DESKTOP/Home page/Login/Password""), ""5xx1bkCcAlw="")",Safari 12,,2019-08-13 12:58:43,2019-08-13 12:58:43,0.200s,PASSED
delay(2),Safari 12,,2019-08-13 12:58:43,2019-08-13 12:58:45,2.004s,PASSED
"click(findTestObject(""CR-DESKTOP/Home page/Login/Login button""))",Safari 12,,2019-08-13 12:58:45,2019-08-13 12:58:46,0.099s,PASSED
delay(2),Safari 12,,2019-08-13 12:58:46,2019-08-13 12:58:48,2.017s,PASSED
"click(findTestObject(""CR-DESKTOP - SPANISH/Home page/Login/a_View Addresses (0)""))",Safari 12,,2019-08-13 12:58:48,2019-08-13 12:58:49,1.229s,PASSED
delay(2),Safari 12,,2019-08-13 12:58:49,2019-08-13 12:58:51,2.004s,PASSED
"click(findTestObject(""CR-DESKTOP/Home page/Login/Add new address/button_Add a New Address""))",Safari 12,,2019-08-13 12:58:51,2019-08-13 12:58:51,0.002s,NOT_RUN
"setText(findTestObject(""CR-DESKTOP/Home page/Login/Add new address/input_First Name_addressfirst_""), ""xxx"")",Safari 12,,2019-08-13 12:58:51,2019-08-13 12:58:51,0.001s,NOT_RUN
"setText(findTestObject(""CR-DESKTOP/Home page/Login/Add new address/input_Last Name_addresslast_na""), ""yyy"")",Safari 12,,2019-08-13 12:58:51,2019-08-13 12:58:51,0.000s,NOT_RUN
"setText(findTestObject(""CR-DESKTOP/Home page/Login/Add new address/input_Company_addresscompany""), ""zzzz"")",Safari 12,,2019-08-13 12:58:51,2019-08-13 12:58:51,0.001s,NOT_RUN
"setText(findTestObject(""CR-DESKTOP/Home page/Login/Add new address/input_Address 1_addressaddress""), ""1435 saint alxendre"")",Safari 12,,2019-08-13 12:58:51,2019-08-13 12:58:51,0.001s,NOT_RUN
"setText(findTestObject(""CR-DESKTOP/Home page/Login/Add new address/input_Address 2_addressaddress""), ""399"")",Safari 12,,2019-08-13 12:58:51,2019-08-13 12:58:51,0.000s,NOT_RUN
"setText(findTestObject(""CR-DESKTOP/Home page/Login/Add new address/input_City_addresscity""), ""montreal"")",Safari 12,,2019-08-13 12:58:51,2019-08-13 12:58:51,0.001s,NOT_RUN
"selectOptionByValue(findTestObject(""CR-DESKTOP/Home page/Login/Add new address/select_AlabamaAlaskaAmerican S""), ""New Jersey"", true)",Safari 12,,2019-08-13 12:58:51,2019-08-13 12:58:51,0.001s,NOT_RUN
"setText(findTestObject(""CR-DESKTOP/Home page/Login/Add new address/input_PostalZip Code_addresszi""), ""07057"")",Safari 12,,2019-08-13 12:58:51,2019-08-13 12:58:51,0.000s,NOT_RUN
"setText(findTestObject(""CR-DESKTOP/Home page/Login/Add new address/input_Phone_addressphone""), ""5144493883"")",Safari 12,,2019-08-13 12:58:51,2019-08-13 12:58:51,0.001s,NOT_RUN
"click(findTestObject(""CR-DESKTOP/Home page/Login/Add new address/input_Set as default address_b""))",Safari 12,,2019-08-13 12:58:51,2019-08-13 12:58:51,0.000s,NOT_RUN
delay(2),Safari 12,,2019-08-13 12:58:51,2019-08-13 12:58:51,0.001s,NOT_RUN
"click(findTestObject(""CR-DESKTOP/Home page/Login/Delete button""))",Safari 12,,2019-08-13 12:58:51,2019-08-13 12:58:51,0.000s,NOT_RUN
delay(2),Safari 12,,2019-08-13 12:58:51,2019-08-13 12:58:53,2.001s,PASSED
"click(findTestObject(""CR-DESKTOP - SPANISH/Home page/Login/a_Return to Account Details""))",Safari 12,,2019-08-13 12:58:53,2019-08-13 12:58:54,1.128s,PASSED
delay(2),Safari 12,,2019-08-13 12:58:54,2019-08-13 12:58:56,2.002s,PASSED
"click(findTestObject(""CR-DESKTOP - SPANISH/Home page/Login/a_Wishlist""))",Safari 12,,2019-08-13 12:58:56,2019-08-13 12:58:56,0.064s,PASSED
back(),Safari 12,,2019-08-13 12:58:56,2019-08-13 12:58:56,0.047s,PASSED
delay(2),Safari 12,,2019-08-13 12:58:56,2019-08-13 12:58:58,2.003s,PASSED
"click(findTestObject(""CR-DESKTOP - SPANISH/Home page/Login/a_Logout""))",Safari 12,,2019-08-13 12:58:58,2019-08-13 12:59:30,31.512s,FAILED
,,,,,,
Test Cases/CRITICAL PATH - SPANISH/Decrease quantity - cart flyout,Safari 12,,2019-08-13 12:59:30,2019-08-13 13:00:48,1m - 18.610s,PASSED
"callTestCase(findTestCase(""CALL - LANGUAGE TOGGLER""), [:], STOP_ON_FAILURE)",Safari 12,,2019-08-13 12:59:30,2019-08-13 12:59:40,10.501s,PASSED
delay(2),Safari 12,,2019-08-13 12:59:40,2019-08-13 12:59:42,2.001s,PASSED
"mouseOver(findTestObject(""CR-DESKTOP - SPANISH/Mega menu/SHOES""))",Safari 12,,2019-08-13 12:59:42,2019-08-13 12:59:43,0.508s,PASSED
delay(2),Safari 12,,2019-08-13 12:59:43,2019-08-13 12:59:45,2.010s,PASSED
"click(findTestObject(""CR-DESKTOP - SPANISH/Mega menu/shoes - tenis""))",Safari 12,,2019-08-13 12:59:45,2019-08-13 12:59:47,2.669s,PASSED
delay(2),Safari 12,,2019-08-13 12:59:47,2019-08-13 12:59:49,2.004s,PASSED
"click(findTestObject(""CR-DESKTOP/Collection page/product 3""))",Safari 12,,2019-08-13 12:59:50,2019-08-13 12:59:51,1.405s,PASSED
delay(2),Safari 12,,2019-08-13 12:59:51,2019-08-13 12:59:53,2.003s,PASSED
"click(findTestObject(""CR-DESKTOP - SPANISH/product page/verde neon""))",Safari 12,,2019-08-13 12:59:53,2019-08-13 12:59:53,0.094s,PASSED
delay(2),Safari 12,,2019-08-13 12:59:53,2019-08-13 12:59:55,2.002s,PASSED
"click(findTestObject(""CR-DESKTOP/product page/Size -6""))",Safari 12,,2019-08-13 12:59:55,2019-08-13 12:59:55,0.101s,PASSED
delay(2),Safari 12,,2019-08-13 12:59:55,2019-08-13 12:59:57,2.003s,PASSED
"click(findTestObject(""CR-DESKTOP - SPANISH/product page/Add to bag""))",Safari 12,,2019-08-13 12:59:57,2019-08-13 12:59:57,0.094s,PASSED
delay(2),Safari 12,,2019-08-13 12:59:57,2019-08-13 12:59:59,2.003s,PASSED
"click(findTestObject(""CR-DESKTOP/Cart flyout/cart quantity increase - cart flyout""))",Safari 12,,2019-08-13 12:59:59,2019-08-13 12:59:59,0.097s,PASSED
delay(2),Safari 12,,2019-08-13 12:59:59,2019-08-13 13:00:01,2.003s,PASSED
"click(findTestObject(""CR-DESKTOP/Cart flyout/cart quantity increase - cart flyout""))",Safari 12,,2019-08-13 13:00:01,2019-08-13 13:00:01,0.055s,PASSED
delay(2),Safari 12,,2019-08-13 13:00:01,2019-08-13 13:00:03,2.005s,PASSED
"click(findTestObject(""CR-DESKTOP/Cart flyout/cart quantity increase - cart flyout""))",Safari 12,,2019-08-13 13:00:03,2019-08-13 13:00:03,0.085s,PASSED
delay(2),Safari 12,,2019-08-13 13:00:03,2019-08-13 13:00:05,2.004s,PASSED
"a = getText(findTestObject(""CR-DESKTOP/Cart flyout/Get price - subtotal""))",Safari 12,,2019-08-13 13:00:05,2019-08-13 13:00:06,0.054s,PASSED
delay(2),Safari 12,,2019-08-13 13:00:06,2019-08-13 13:00:08,2.001s,PASSED
"comment(""a="" + a)",Safari 12,,2019-08-13 13:00:08,2019-08-13 13:00:08,0.000s,PASSED
a1 = a.substring(1),Safari 12,,2019-08-13 13:00:08,2019-08-13 13:00:08,0.000s,PASSED
"comment(""a1="" + a1)",Safari 12,,2019-08-13 13:00:08,2019-08-13 13:00:08,0.000s,PASSED
delay(2),Safari 12,,2019-08-13 13:00:08,2019-08-13 13:00:10,2.005s,PASSED
"click(findTestObject(""CR-DESKTOP/Cart flyout/cart quantity decrease - cart flyout""))",Safari 12,,2019-08-13 13:00:10,2019-08-13 13:00:10,0.073s,PASSED
delay(2),Safari 12,,2019-08-13 13:00:10,2019-08-13 13:00:12,2.008s,PASSED
"click(findTestObject(""CR-DESKTOP/Cart flyout/cart quantity decrease - cart flyout""))",Safari 12,,2019-08-13 13:00:12,2019-08-13 13:00:12,0.059s,PASSED
delay(2),Safari 12,,2019-08-13 13:00:12,2019-08-13 13:00:14,2.002s,PASSED
"setText(findTestObject(""CR-DESKTOP/Cart flyout/Input update - cart flyout""), ""1"")",Safari 12,,2019-08-13 13:00:14,2019-08-13 13:00:14,0.139s,PASSED
delay(2),Safari 12,,2019-08-13 13:00:14,2019-08-13 13:00:16,2.002s,PASSED
"click(findTestObject(""CR-DESKTOP/Cart flyout/click outside""))",Safari 12,,2019-08-13 13:00:16,2019-08-13 13:00:16,0.063s,PASSED
delay(2),Safari 12,,2019-08-13 13:00:16,2019-08-13 13:00:18,2.013s,PASSED
"b = getText(findTestObject(""CR-DESKTOP/Cart flyout/Get price - subtotal""))",Safari 12,,2019-08-13 13:00:18,2019-08-13 13:00:18,0.027s,PASSED
delay(2),Safari 12,,2019-08-13 13:00:18,2019-08-13 13:00:20,2.006s,PASSED
"comment(""b="" + b)",Safari 12,,2019-08-13 13:00:20,2019-08-13 13:00:20,0.000s,PASSED
b1 = b.substring(1),Safari 12,,2019-08-13 13:00:20,2019-08-13 13:00:20,0.000s,PASSED
"comment(""b1="" + b1)",Safari 12,,2019-08-13 13:00:20,2019-08-13 13:00:20,0.000s,PASSED
delay(2),Safari 12,,2019-08-13 13:00:20,2019-08-13 13:00:22,2.003s,PASSED
p1 = <not implemented yet for class: org.codehaus.groovy.ast.expr.EmptyExpression>,Safari 12,,2019-08-13 13:00:22,2019-08-13 13:00:22,0.000s,PASSED
p2 = <not implemented yet for class: org.codehaus.groovy.ast.expr.EmptyExpression>,Safari 12,,2019-08-13 13:00:22,2019-08-13 13:00:22,0.000s,PASSED
try,Safari 12,,2019-08-13 13:00:22,2019-08-13 13:00:22,0.002s,PASSED
try,Safari 12,,2019-08-13 13:00:22,2019-08-13 13:00:22,0.003s,PASSED
"flag = verifyNotEqual(p1, p2)",Safari 12,,2019-08-13 13:00:22,2019-08-13 13:00:22,0.001s,PASSED
if (flag == true),Safari 12,,2019-08-13 13:00:22,2019-08-13 13:00:22,0.001s,PASSED
delay(2),Safari 12,,2019-08-13 13:00:22,2019-08-13 13:00:24,2.002s,PASSED
"click(findTestObject(""CR-DESKTOP/Cart flyout/Checkout""))",Safari 12,,2019-08-13 13:00:24,2019-08-13 13:00:24,0.074s,PASSED
"callTestCase(findTestCase(""CALL - CUTOMER INFO PAGE""), [:], STOP_ON_FAILURE)",Safari 12,,2019-08-13 13:00:24,2019-08-13 13:00:39,14.959s,PASSED
"callTestCase(findTestCase(""CALL- SHIPPING TO PAYMENT""), [:], STOP_ON_FAILURE)",Safari 12,,2019-08-13 13:00:39,2019-08-13 13:00:48,9.197s,PASSED
,,,,,,
Test Cases/CRITICAL PATH - SPANISH/Adding products - Search flyout,Safari 12,,2019-08-13 13:00:48,2019-08-13 13:01:32,43.924s,FAILED
"callTestCase(findTestCase(""CALL-URL""), [:], STOP_ON_FAILURE)",Safari 12,,2019-08-13 13:00:48,2019-08-13 13:00:58,9.718s,PASSED
delay(2),Safari 12,,2019-08-13 13:00:58,2019-08-13 13:01:00,2.002s,PASSED
"click(findTestObject(""CR-DESKTOP - SPANISH/Home page/Search flyout""))",Safari 12,,2019-08-13 13:01:00,2019-08-13 13:01:32,32.075s,FAILED
,,,,,,
Test Cases/CRITICAL PATH - SPANISH/Adding products - home page,Safari 12,,2019-08-13 13:01:32,2019-08-13 13:03:06,1m - 33.451s,FAILED
"callTestCase(findTestCase(""CALL - LANGUAGE TOGGLER""), [:], STOP_ON_FAILURE)",Safari 12,,2019-08-13 13:01:32,2019-08-13 13:01:40,7.900s,PASSED
delay(2),Safari 12,,2019-08-13 13:01:40,2019-08-13 13:01:42,2.010s,PASSED
"click(findTestObject(""CR-DESKTOP - SPANISH/Home page/Add prod - home page/Hero banner - 1 st""))",Safari 12,,2019-08-13 13:01:42,2019-08-13 13:01:45,2.587s,PASSED
delay(2),Safari 12,,2019-08-13 13:01:45,2019-08-13 13:01:47,2.003s,PASSED
"click(findTestObject(""CR-DESKTOP/Home page/Add prod - home page/1 st product""))",Safari 12,,2019-08-13 13:01:47,2019-08-13 13:01:47,0.099s,PASSED
delay(2),Safari 12,,2019-08-13 13:01:47,2019-08-13 13:01:49,2.004s,PASSED
"click(findTestObject(""CR-DESKTOP - SPANISH/Home page/Add prod - home page/Black variant""))",Safari 12,,2019-08-13 13:01:49,2019-08-13 13:01:49,0.394s,PASSED
delay(2),Safari 12,,2019-08-13 13:01:49,2019-08-13 13:01:51,2.003s,PASSED
"click(findTestObject(""CR-DESKTOP/Home page/Add prod - home page/Size - SP""))",Safari 12,,2019-08-13 13:01:51,2019-08-13 13:01:51,0.095s,PASSED
delay(2),Safari 12,,2019-08-13 13:01:51,2019-08-13 13:01:53,2.003s,PASSED
"click(findTestObject(""CR-DESKTOP - SPANISH/product page/Add to bag""))",Safari 12,,2019-08-13 13:01:53,2019-08-13 13:01:53,0.097s,PASSED
delay(2),Safari 12,,2019-08-13 13:01:53,2019-08-13 13:01:55,2.004s,PASSED
"click(findTestObject(""CR-DESKTOP/Cart flyout/cart collpase""))",Safari 12,,2019-08-13 13:01:55,2019-08-13 13:01:55,0.059s,PASSED
delay(2),Safari 12,,2019-08-13 13:01:55,2019-08-13 13:01:57,2.002s,PASSED
"click(findTestObject(""CR-DESKTOP/Home page/Add prod - home page/Charlotte russe icon""))",Safari 12,,2019-08-13 13:01:57,2019-08-13 13:01:59,1.334s,PASSED
"click(findTestObject(""CR-DESKTOP - SPANISH/Home page/Add prod - home page/Hero banner - 2nd""))",Safari 12,,2019-08-13 13:01:59,2019-08-13 13:02:02,3.262s,PASSED
delay(2),Safari 12,,2019-08-13 13:02:02,2019-08-13 13:02:04,2.006s,PASSED
"click(findTestObject(""CR-DESKTOP/Home page/Add prod - home page/2 nd product""))",Safari 12,,2019-08-13 13:02:04,2019-08-13 13:02:07,2.808s,PASSED
delay(2),Safari 12,,2019-08-13 13:02:07,2019-08-13 13:02:09,2.004s,PASSED
"click(findTestObject(""CR-DESKTOP/Home page/Add prod - home page/Size - SP""))",Safari 12,,2019-08-13 13:02:09,2019-08-13 13:02:09,0.223s,PASSED
delay(2),Safari 12,,2019-08-13 13:02:09,2019-08-13 13:02:11,2.007s,PASSED
"click(findTestObject(""CR-DESKTOP - SPANISH/product page/Add to bag""))",Safari 12,,2019-08-13 13:02:11,2019-08-13 13:02:11,0.143s,PASSED
delay(2),Safari 12,,2019-08-13 13:02:11,2019-08-13 13:02:13,2.003s,PASSED
"click(findTestObject(""CR-DESKTOP/Cart flyout/cart collpase""))",Safari 12,,2019-08-13 13:02:13,2019-08-13 13:02:13,0.151s,PASSED
delay(2),Safari 12,,2019-08-13 13:02:13,2019-08-13 13:02:15,2.007s,PASSED
"click(findTestObject(""CR-DESKTOP/Home page/Add prod - home page/Charlotte russe icon""))",Safari 12,,2019-08-13 13:02:15,2019-08-13 13:02:18,2.441s,PASSED
delay(2),Safari 12,,2019-08-13 13:02:18,2019-08-13 13:02:20,2.001s,PASSED
"click(findTestObject(""CR-DESKTOP - SPANISH/Home page/Add prod - home page/middle tile - home page""))",Safari 12,,2019-08-13 13:02:20,2019-08-13 13:02:23,3.240s,PASSED
delay(2),Safari 12,,2019-08-13 13:02:23,2019-08-13 13:02:25,2.004s,PASSED
"click(findTestObject(""CR-DESKTOP/Home page/Add prod - home page/3 rd product""))",Safari 12,,2019-08-13 13:02:25,2019-08-13 13:02:29,3.696s,PASSED
delay(2),Safari 12,,2019-08-13 13:02:29,2019-08-13 13:02:31,2.003s,PASSED
"click(findTestObject(""CR-DESKTOP - SPANISH/Home page/Add prod - home page/Neon orange varaint""))",Safari 12,,2019-08-13 13:02:31,2019-08-13 13:03:06,34.779s,FAILED
,,,,,,
Test Cases/CRITICAL PATH - SPANISH/Price comparison - cart flyout,Safari 12,,2019-08-13 13:03:06,2019-08-13 13:03:59,53.929s,FAILED
"callTestCase(findTestCase(""CALL - LANGUAGE TOGGLER""), [:], STOP_ON_FAILURE)",Safari 12,,2019-08-13 13:03:06,2019-08-13 13:03:14,7.630s,PASSED
delay(2),Safari 12,,2019-08-13 13:03:14,2019-08-13 13:03:16,2.005s,PASSED
"mouseOver(findTestObject(""CR-DESKTOP - SPANISH/Mega menu/SHOES""))",Safari 12,,2019-08-13 13:03:16,2019-08-13 13:03:16,0.184s,PASSED
delay(2),Safari 12,,2019-08-13 13:03:16,2019-08-13 13:03:18,2.011s,PASSED
"click(findTestObject(""CR-DESKTOP - SPANISH/Mega menu/shoes - tenis""))",Safari 12,,2019-08-13 13:03:18,2019-08-13 13:03:20,2.053s,PASSED
delay(2),Safari 12,,2019-08-13 13:03:20,2019-08-13 13:03:22,2.003s,PASSED
"click(findTestObject(""CR-DESKTOP/Collection page/product 3""))",Safari 12,,2019-08-13 13:03:22,2019-08-13 13:03:23,1.383s,PASSED
delay(2),Safari 12,,2019-08-13 13:03:23,2019-08-13 13:03:25,2.006s,PASSED
"click(findTestObject(""CR-DESKTOP - SPANISH/product page/verde neon""))",Safari 12,,2019-08-13 13:03:25,2019-08-13 13:03:25,0.094s,PASSED
delay(2),Safari 12,,2019-08-13 13:03:25,2019-08-13 13:03:27,2.004s,PASSED
"click(findTestObject(""CR-DESKTOP/product page/Size -6""))",Safari 12,,2019-08-13 13:03:27,2019-08-13 13:03:27,0.097s,PASSED
delay(2),Safari 12,,2019-08-13 13:03:27,2019-08-13 13:03:29,2.001s,PASSED
"click(findTestObject(""CR-DESKTOP - SPANISH/product page/Add to bag""))",Safari 12,,2019-08-13 13:03:29,2019-08-13 13:03:30,0.248s,PASSED
delay(2),Safari 12,,2019-08-13 13:03:30,2019-08-13 13:03:32,2.005s,PASSED
"setText(findTestObject(""CR-DESKTOP - SPANISH/Cart flyout/Input update - cart flyout""), ""8"")",Safari 12,,2019-08-13 13:03:32,2019-08-13 13:03:32,0.144s,PASSED
delay(2),Safari 12,,2019-08-13 13:03:32,2019-08-13 13:03:34,2.003s,PASSED
"click(findTestObject(""CR-DESKTOP/Cart flyout/cart collpase""))",Safari 12,,2019-08-13 13:03:34,2019-08-13 13:03:34,0.058s,PASSED
delay(2),Safari 12,,2019-08-13 13:03:34,2019-08-13 13:03:36,2.009s,PASSED
"mouseOver(findTestObject(""CR-DESKTOP - SPANISH/Mega menu/a_Jeans""))",Safari 12,,2019-08-13 13:03:36,2019-08-13 13:03:36,0.136s,PASSED
delay(2),Safari 12,,2019-08-13 13:03:36,2019-08-13 13:03:38,2.001s,PASSED
"click(findTestObject(""CR-DESKTOP - SPANISH/Mega menu/Jeans- Boy friend jeans""))",Safari 12,,2019-08-13 13:03:38,2019-08-13 13:03:40,1.989s,PASSED
delay(2),Safari 12,,2019-08-13 13:03:40,2019-08-13 13:03:42,2.006s,PASSED
"click(findTestObject(""CR-DESKTOP/Collection page/Product 2""))",Safari 12,,2019-08-13 13:03:42,2019-08-13 13:03:43,1.030s,PASSED
delay(2),Safari 12,,2019-08-13 13:03:43,2019-08-13 13:03:45,2.007s,PASSED
"click(findTestObject(""CR-DESKTOP/product page/size -18""))",Safari 12,,2019-08-13 13:03:45,2019-08-13 13:03:45,0.123s,PASSED
delay(2),Safari 12,,2019-08-13 13:03:45,2019-08-13 13:03:47,2.006s,PASSED
"click(findTestObject(""CR-DESKTOP - SPANISH/product page/Add to bag""))",Safari 12,,2019-08-13 13:03:47,2019-08-13 13:03:47,0.129s,PASSED
delay(4),Safari 12,,2019-08-13 13:03:47,2019-08-13 13:03:51,4.002s,PASSED
x = 8,Safari 12,,2019-08-13 13:03:51,2019-08-13 13:03:51,0.000s,PASSED
"comment(""x="" + x)",Safari 12,,2019-08-13 13:03:51,2019-08-13 13:03:51,0.001s,PASSED
"a = getText(findTestObject(""CR-DESKTOP/Cart flyout/Get price - prod 1""))",Safari 12,,2019-08-13 13:03:51,2019-08-13 13:03:51,0.057s,PASSED
delay(2),Safari 12,,2019-08-13 13:03:51,2019-08-13 13:03:53,2.005s,PASSED
"comment(""a="" + a)",Safari 12,,2019-08-13 13:03:53,2019-08-13 13:03:53,0.001s,PASSED
a1 = a.substring(1),Safari 12,,2019-08-13 13:03:53,2019-08-13 13:03:53,0.000s,PASSED
"comment(""a1="" + a1)",Safari 12,,2019-08-13 13:03:53,2019-08-13 13:03:53,0.001s,PASSED
p1 = <not implemented yet for class: org.codehaus.groovy.ast.expr.EmptyExpression>,Safari 12,,2019-08-13 13:03:53,2019-08-13 13:03:53,0.001s,PASSED
p2 = <not implemented yet for class: org.codehaus.groovy.ast.expr.EmptyExpression>,Safari 12,,2019-08-13 13:03:53,2019-08-13 13:03:53,0.000s,PASSED
p3 = <not implemented yet for class: org.codehaus.groovy.ast.expr.EmptyExpression>,Safari 12,,2019-08-13 13:03:53,2019-08-13 13:03:53,0.001s,PASSED
try,Safari 12,,2019-08-13 13:03:53,2019-08-13 13:03:53,0.003s,PASSED
catch (NumberFormatException ex),Safari 12,,2019-08-13 13:03:53,2019-08-13 13:03:53,0.000s,PASSED
y = x * p1,Safari 12,,2019-08-13 13:03:53,2019-08-13 13:03:53,0.000s,PASSED
"comment(""y="" + y)",Safari 12,,2019-08-13 13:03:53,2019-08-13 13:03:53,0.000s,PASSED
"b = getText(findTestObject(""CR-DESKTOP/Cart flyout/Get price - prod 2""))",Safari 12,,2019-08-13 13:03:53,2019-08-13 13:03:53,0.039s,PASSED
delay(2),Safari 12,,2019-08-13 13:03:53,2019-08-13 13:03:55,2.002s,PASSED
"comment(""b="" + b)",Safari 12,,2019-08-13 13:03:55,2019-08-13 13:03:55,0.001s,PASSED
b1 = b.substring(1),Safari 12,,2019-08-13 13:03:55,2019-08-13 13:03:55,0.000s,PASSED
"comment(""b1="" + b1)",Safari 12,,2019-08-13 13:03:55,2019-08-13 13:03:55,0.000s,PASSED
delay(2),Safari 12,,2019-08-13 13:03:55,2019-08-13 13:03:57,2.004s,PASSED
try,Safari 12,,2019-08-13 13:03:57,2019-08-13 13:03:57,0.001s,PASSED
total = y + p2,Safari 12,,2019-08-13 13:03:57,2019-08-13 13:03:57,0.000s,PASSED
"comment(""total="" + total)",Safari 12,,2019-08-13 13:03:57,2019-08-13 13:03:57,0.001s,PASSED
"c = getText(findTestObject(""CR-DESKTOP/Cart flyout/Get price - subtotal""))",Safari 12,,2019-08-13 13:03:57,2019-08-13 13:03:57,0.031s,PASSED
delay(2),Safari 12,,2019-08-13 13:03:57,2019-08-13 13:03:59,2.006s,PASSED
"comment(""c="" + c)",Safari 12,,2019-08-13 13:03:59,2019-08-13 13:03:59,0.001s,PASSED
c1 = c.substring(1),Safari 12,,2019-08-13 13:03:59,2019-08-13 13:03:59,0.000s,PASSED
"comment(""c1="" + c1)",Safari 12,,2019-08-13 13:03:59,2019-08-13 13:03:59,0.001s,PASSED
try,Safari 12,,2019-08-13 13:03:59,2019-08-13 13:03:59,0.002s,PASSED
"verifyEqual(p3, total)",Safari 12,,2019-08-13 13:03:59,2019-08-13 13:03:59,0.002s,FAILED
,,,,,,
Test Cases/CRITICAL PATH - SPANISH/Different products,Safari 12,,2019-08-13 13:03:59,2019-08-13 13:04:42,42.210s,FAILED
"callTestCase(findTestCase(""CALL - LANGUAGE TOGGLER""), [:], STOP_ON_FAILURE)",Safari 12,,2019-08-13 13:04:00,2019-08-13 13:04:07,7.783s,PASSED
delay(2),Safari 12,,2019-08-13 13:04:07,2019-08-13 13:04:09,2.003s,PASSED
"mouseOver(findTestObject(""CR-DESKTOP - SPANISH/Mega menu/SHOES""))",Safari 12,,2019-08-13 13:04:09,2019-08-13 13:04:10,0.155s,PASSED
delay(2),Safari 12,,2019-08-13 13:04:10,2019-08-13 13:04:12,2.006s,PASSED
"click(findTestObject(""CR-DESKTOP - SPANISH/Mega menu/shoes - tenis""))",Safari 12,,2019-08-13 13:04:12,2019-08-13 13:04:16,4.634s,PASSED
delay(2),Safari 12,,2019-08-13 13:04:16,2019-08-13 13:04:18,2.013s,PASSED
"click(findTestObject(""CR-DESKTOP/Collection page/product 3""))",Safari 12,,2019-08-13 13:04:18,2019-08-13 13:04:20,1.387s,PASSED
delay(2),Safari 12,,2019-08-13 13:04:20,2019-08-13 13:04:22,2.005s,PASSED
"click(findTestObject(""CR-DESKTOP - SPANISH/product page/verde neon""))",Safari 12,,2019-08-13 13:04:22,2019-08-13 13:04:22,0.110s,PASSED
delay(2),Safari 12,,2019-08-13 13:04:22,2019-08-13 13:04:24,2.005s,PASSED
"click(findTestObject(""CR-DESKTOP/product page/Size -6""))",Safari 12,,2019-08-13 13:04:24,2019-08-13 13:04:24,0.135s,PASSED
delay(2),Safari 12,,2019-08-13 13:04:24,2019-08-13 13:04:26,2.003s,PASSED
"click(findTestObject(""CR-DESKTOP - SPANISH/product page/Add to bag""))",Safari 12,,2019-08-13 13:04:26,2019-08-13 13:04:26,0.096s,PASSED
delay(2),Safari 12,,2019-08-13 13:04:26,2019-08-13 13:04:28,2.006s,PASSED
"click(findTestObject(""CR-DESKTOP/Cart flyout/cart collpase""))",Safari 12,,2019-08-13 13:04:28,2019-08-13 13:04:28,0.139s,PASSED
delay(2),Safari 12,,2019-08-13 13:04:28,2019-08-13 13:04:30,2.005s,PASSED
"click(findTestObject(""CR-DESKTOP/product page/size -7""))",Safari 12,,2019-08-13 13:04:30,2019-08-13 13:04:31,0.997s,PASSED
delay(2),Safari 12,,2019-08-13 13:04:31,2019-08-13 13:04:33,2.002s,PASSED
"click(findTestObject(""CR-DESKTOP - SPANISH/product page/Add to bag""))",Safari 12,,2019-08-13 13:04:33,2019-08-13 13:04:33,0.097s,PASSED
delay(4),Safari 12,,2019-08-13 13:04:33,2019-08-13 13:04:37,4.003s,PASSED
"click(findTestObject(""CR-DESKTOP/Cart flyout/cart collpase""))",Safari 12,,2019-08-13 13:04:37,2019-08-13 13:04:37,0.097s,PASSED
delay(2),Safari 12,,2019-08-13 13:04:37,2019-08-13 13:04:39,2.003s,PASSED
"mouseOver(findTestObject(""CR-DESKTOP - SPANISH/Mega menu/a_Jeans""))",Safari 12,,2019-08-13 13:04:39,2019-08-13 13:04:39,0.156s,PASSED
delay(2),Safari 12,,2019-08-13 13:04:39,2019-08-13 13:04:41,2.004s,PASSED
"click(findTestObject(""CR-DESKTOP - SPANISH/Mega menu/Jeans- Boy friend jeans""))",Safari 12,,2019-08-13 13:04:41,2019-08-13 13:04:42,0.268s,FAILED
,,,,,,
Test Cases/COLLECTION PAGE/Bread crumbs,Safari 12,,2019-08-13 13:04:42,2019-08-13 13:05:01,19.569s,PASSED
"callTestCase(findTestCase(""CALL-URL""), [:], STOP_ON_FAILURE)",Safari 12,,2019-08-13 13:04:42,2019-08-13 13:04:48,6.234s,PASSED
delay(2),Safari 12,,2019-08-13 13:04:48,2019-08-13 13:04:50,2.010s,PASSED
"mouseOver(findTestObject(""CR-DESKTOP/Mega menu/SHOES""))",Safari 12,,2019-08-13 13:04:50,2019-08-13 13:04:50,0.135s,PASSED
delay(2),Safari 12,,2019-08-13 13:04:50,2019-08-13 13:04:52,2.005s,PASSED
"click(findTestObject(""CR-DESKTOP/Mega menu/shoes - sneakers""))",Safari 12,,2019-08-13 13:04:52,2019-08-13 13:04:55,2.907s,PASSED
delay(2),Safari 12,,2019-08-13 13:04:55,2019-08-13 13:04:57,2.005s,PASSED
a = getWindowTitle(),Safari 12,,2019-08-13 13:04:57,2019-08-13 13:04:57,0.074s,PASSED
"comment("" a= "" + a)",Safari 12,,2019-08-13 13:04:57,2019-08-13 13:04:57,0.000s,PASSED
"k = ""Charlotte Russe | Shoes - Shop Sneakers""",Safari 12,,2019-08-13 13:04:57,2019-08-13 13:04:57,0.001s,PASSED
"comment("" k= "" + k)",Safari 12,,2019-08-13 13:04:57,2019-08-13 13:04:57,0.000s,PASSED
if (a == k),Safari 12,,2019-08-13 13:04:57,2019-08-13 13:04:57,0.001s,PASSED
"click(findTestObject(""CR-DESKTOP/Collection page/shoes link""))",Safari 12,,2019-08-13 13:04:57,2019-08-13 13:05:00,2.643s,PASSED
b = getWindowTitle(),Safari 12,,2019-08-13 13:05:00,2019-08-13 13:05:00,0.005s,PASSED
"comment("" b= "" + b)",Safari 12,,2019-08-13 13:05:00,2019-08-13 13:05:00,0.000s,PASSED
"k1 = ""Charlotte Russe | Shoes - Shop All Shoes""",Safari 12,,2019-08-13 13:05:00,2019-08-13 13:05:00,0.000s,PASSED
"comment("" k1= "" + k1)",Safari 12,,2019-08-13 13:05:00,2019-08-13 13:05:00,0.001s,PASSED
if (b == k1),Safari 12,,2019-08-13 13:05:00,2019-08-13 13:05:00,0.000s,PASSED
"click(findTestObject(""CR-DESKTOP/Collection page/Home link""))",Safari 12,,2019-08-13 13:05:00,2019-08-13 13:05:01,1.342s,PASSED
c = getWindowTitle(),Safari 12,,2019-08-13 13:05:01,2019-08-13 13:05:01,0.053s,PASSED
"comment("" c= "" + c)",Safari 12,,2019-08-13 13:05:01,2019-08-13 13:05:01,0.000s,PASSED
"k3 = ""Charlotte Russe""",Safari 12,,2019-08-13 13:05:01,2019-08-13 13:05:01,0.001s,PASSED
"comment("" k3= "" + k3)",Safari 12,,2019-08-13 13:05:01,2019-08-13 13:05:01,0.000s,PASSED
if (c == k3),Safari 12,,2019-08-13 13:05:01,2019-08-13 13:05:01,0.001s,PASSED
,,,,,,
Test Cases/COLLECTION PAGE/Quick add hovering,Safari 12,,2019-08-13 13:05:01,2019-08-13 13:05:27,25.789s,PASSED
"callTestCase(findTestCase(""CALL-URL""), [:], STOP_ON_FAILURE)",Safari 12,,2019-08-13 13:05:01,2019-08-13 13:05:05,3.838s,PASSED
delay(2),Safari 12,,2019-08-13 13:05:05,2019-08-13 13:05:07,2.005s,PASSED
"mouseOver(findTestObject(""CR-DESKTOP/Mega menu/SHOES""))",Safari 12,,2019-08-13 13:05:07,2019-08-13 13:05:07,0.153s,PASSED
delay(2),Safari 12,,2019-08-13 13:05:07,2019-08-13 13:05:09,2.005s,PASSED
"click(findTestObject(""CR-DESKTOP/Mega menu/shoes - sneakers""))",Safari 12,,2019-08-13 13:05:09,2019-08-13 13:05:11,1.921s,PASSED
delay(2),Safari 12,,2019-08-13 13:05:11,2019-08-13 13:05:13,2.004s,PASSED
"mouseOver(findTestObject(""CR-DESKTOP/Collection page/product 1 - sneakers""))",Safari 12,,2019-08-13 13:05:13,2019-08-13 13:05:13,0.117s,PASSED
delay(2),Safari 12,,2019-08-13 13:05:13,2019-08-13 13:05:15,2.001s,PASSED
"mouseOver(findTestObject(""CR-DESKTOP/Collection page/product 2 - sneakers""))",Safari 12,,2019-08-13 13:05:15,2019-08-13 13:05:16,0.152s,PASSED
delay(2),Safari 12,,2019-08-13 13:05:16,2019-08-13 13:05:18,2.005s,PASSED
"mouseOver(findTestObject(""CR-DESKTOP/Collection page/product 3""))",Safari 12,,2019-08-13 13:05:18,2019-08-13 13:05:18,0.146s,PASSED
delay(2),Safari 12,,2019-08-13 13:05:18,2019-08-13 13:05:20,2.004s,PASSED
"click(findTestObject(""CR-DESKTOP/Collection page/First slider""))",Safari 12,,2019-08-13 13:05:20,2019-08-13 13:05:21,0.792s,PASSED
delay(2),Safari 12,,2019-08-13 13:05:21,2019-08-13 13:05:23,2.002s,PASSED
"click(findTestObject(""CR-DESKTOP/Collection page/Second slider""))",Safari 12,,2019-08-13 13:05:23,2019-08-13 13:05:23,0.344s,PASSED
delay(2),Safari 12,,2019-08-13 13:05:23,2019-08-13 13:05:25,2.001s,PASSED
"click(findTestObject(""CR-DESKTOP/Collection page/Third slider""))",Safari 12,,2019-08-13 13:05:25,2019-08-13 13:05:25,0.138s,PASSED
delay(2),Safari 12,,2019-08-13 13:05:25,2019-08-13 13:05:27,2.005s,PASSED
,,,,,,
Test Cases/HOME PAGE/Store locator,Safari 12,,2019-08-13 13:05:27,2019-08-13 13:06:05,37.502s,PASSED
"callTestCase(findTestCase(""CALL-URL""), [:], STOP_ON_FAILURE)",Safari 12,,2019-08-13 13:05:27,2019-08-13 13:05:31,4.166s,PASSED
delay(2),Safari 12,,2019-08-13 13:05:31,2019-08-13 13:05:33,2.008s,PASSED
"click(findTestObject(""CR-DESKTOP/Home page/Store Locator/store locator icon""))",Safari 12,,2019-08-13 13:05:33,2019-08-13 13:05:33,0.096s,PASSED
delay(2),Safari 12,,2019-08-13 13:05:33,2019-08-13 13:05:35,2.007s,PASSED
"a = getText(findTestObject(""CR-DESKTOP/Home page/Store Locator/Results total list""))",Safari 12,,2019-08-13 13:05:35,2019-08-13 13:05:36,0.144s,PASSED
"comment(""a="" + a)",Safari 12,,2019-08-13 13:05:36,2019-08-13 13:05:36,0.000s,PASSED
delay(2),Safari 12,,2019-08-13 13:05:36,2019-08-13 13:05:38,2.003s,PASSED
"setText(findTestObject(""CR-DESKTOP/Home page/Store Locator/Search input""), ""49418"")",Safari 12,,2019-08-13 13:05:38,2019-08-13 13:05:38,0.186s,PASSED
delay(2),Safari 12,,2019-08-13 13:05:38,2019-08-13 13:05:40,2.005s,PASSED
"click(findTestObject(""CR-DESKTOP/Home page/Store Locator/Search""))",Safari 12,,2019-08-13 13:05:40,2019-08-13 13:05:40,0.095s,PASSED
delay(2),Safari 12,,2019-08-13 13:05:40,2019-08-13 13:05:42,2.002s,PASSED
"b = getText(findTestObject(""CR-DESKTOP/Home page/Store Locator/Results list after""))",Safari 12,,2019-08-13 13:05:42,2019-08-13 13:05:42,0.060s,PASSED
"comment(""b="" + b)",Safari 12,,2019-08-13 13:05:42,2019-08-13 13:05:42,0.000s,PASSED
k = 17,Safari 12,,2019-08-13 13:05:42,2019-08-13 13:05:42,0.001s,PASSED
"verifyNotEqual(""b"", ""k"")",Safari 12,,2019-08-13 13:05:42,2019-08-13 13:05:42,0.000s,PASSED
refresh(),Safari 12,,2019-08-13 13:05:42,2019-08-13 13:05:43,1.308s,PASSED
delay(2),Safari 12,,2019-08-13 13:05:43,2019-08-13 13:05:45,2.003s,PASSED
"click(findTestObject(""CR-DESKTOP/Home page/Store Locator/Distance filter""))",Safari 12,,2019-08-13 13:05:45,2019-08-13 13:05:45,0.079s,PASSED
delay(2),Safari 12,,2019-08-13 13:05:45,2019-08-13 13:05:47,2.006s,PASSED
"click(findTestObject(""CR-DESKTOP/Home page/Store Locator/Radio button""))",Safari 12,,2019-08-13 13:05:47,2019-08-13 13:05:47,0.089s,PASSED
delay(2),Safari 12,,2019-08-13 13:05:47,2019-08-13 13:05:49,2.003s,PASSED
"click(findTestObject(""CR-DESKTOP/Home page/Store Locator/Filter""))",Safari 12,,2019-08-13 13:05:49,2019-08-13 13:05:49,0.061s,PASSED
delay(2),Safari 12,,2019-08-13 13:05:49,2019-08-13 13:05:51,2.001s,PASSED
"click(findTestObject(""CR-DESKTOP/Home page/Store Locator/Label - until 9pm""))",Safari 12,,2019-08-13 13:05:51,2019-08-13 13:05:52,0.085s,PASSED
delay(2),Safari 12,,2019-08-13 13:05:52,2019-08-13 13:05:54,2.004s,PASSED
"c = getText(findTestObject(""CR-DESKTOP/Home page/Store Locator/Results list after filter""))",Safari 12,,2019-08-13 13:05:54,2019-08-13 13:05:54,0.060s,PASSED
"comment(""c="" + c)",Safari 12,,2019-08-13 13:05:54,2019-08-13 13:05:54,0.001s,PASSED
delay(2),Safari 12,,2019-08-13 13:05:54,2019-08-13 13:05:56,2.004s,PASSED
"verifyNotEqual(""b"", ""k"")",Safari 12,,2019-08-13 13:05:56,2019-08-13 13:05:56,0.001s,PASSED
delay(2),Safari 12,,2019-08-13 13:05:56,2019-08-13 13:05:58,2.004s,PASSED
"click(findTestObject(""CR-DESKTOP/Home page/Store Locator/Clear filter""))",Safari 12,,2019-08-13 13:05:58,2019-08-13 13:05:58,0.077s,PASSED
delay(2),Safari 12,,2019-08-13 13:05:58,2019-08-13 13:06:00,2.004s,PASSED
"click(findTestObject(""CR-DESKTOP/Home page/Store Locator/Next button""))",Safari 12,,2019-08-13 13:06:00,2019-08-13 13:06:00,0.109s,PASSED
delay(2),Safari 12,,2019-08-13 13:06:00,2019-08-13 13:06:02,2.006s,PASSED
"click(findTestObject(""CR-DESKTOP/Home page/Store Locator/Prev - button""))",Safari 12,,2019-08-13 13:06:02,2019-08-13 13:06:02,0.128s,PASSED
delay(2),Safari 12,,2019-08-13 13:06:02,2019-08-13 13:06:04,2.002s,PASSED
"selectOptionByValue(findTestObject(""CR-DESKTOP/Home page/Store Locator/select dropdown""), ""2"", true)",Safari 12,,2019-08-13 13:06:04,2019-08-13 13:06:05,0.605s,PASSED
,,,,,,
Test Cases/HOME PAGE/New arrivals,Safari 12,,2019-08-13 13:06:05,2019-08-13 13:06:33,28.086s,PASSED
"callTestCase(findTestCase(""CALL-URL""), [:], STOP_ON_FAILURE)",Safari 12,,2019-08-13 13:06:05,2019-08-13 13:06:09,4.219s,PASSED
delay(2),Safari 12,,2019-08-13 13:06:09,2019-08-13 13:06:11,2.001s,PASSED
"scrollToElement(findTestObject(""CR-DESKTOP/Home page/New arrivals/New arrivals""), 0)",Safari 12,,2019-08-13 13:06:11,2019-08-13 13:06:11,0.060s,PASSED
delay(2),Safari 12,,2019-08-13 13:06:11,2019-08-13 13:06:13,2.010s,PASSED
"for ([i = 1, i <= 2, (i++)])",Safari 12,,2019-08-13 13:06:13,2019-08-13 13:06:13,0.186s,PASSED
delay(2),Safari 12,,2019-08-13 13:06:13,2019-08-13 13:06:15,2.004s,PASSED
"click(findTestObject(""CR-DESKTOP/Home page/New arrivals/Previous button""))",Safari 12,,2019-08-13 13:06:15,2019-08-13 13:06:15,0.091s,PASSED
delay(2),Safari 12,,2019-08-13 13:06:15,2019-08-13 13:06:17,2.003s,PASSED
"click(findTestObject(""CR-DESKTOP/Home page/New arrivals/product image""))",Safari 12,,2019-08-13 13:06:17,2019-08-13 13:06:19,1.593s,PASSED
delay(2),Safari 12,,2019-08-13 13:06:19,2019-08-13 13:06:21,2.001s,PASSED
"click(findTestObject(""CR-DESKTOP/Home page/Add prod - home page/Charlotte russe icon""))",Safari 12,,2019-08-13 13:06:21,2019-08-13 13:06:22,1.321s,PASSED
delay(2),Safari 12,,2019-08-13 13:06:22,2019-08-13 13:06:24,2.002s,PASSED
"scrollToElement(findTestObject(""CR-DESKTOP/Home page/New arrivals/New arrivals down""), 0)",Safari 12,,2019-08-13 13:06:24,2019-08-13 13:06:24,0.036s,PASSED
delay(2),Safari 12,,2019-08-13 13:06:24,2019-08-13 13:06:26,2.006s,PASSED
"click(findTestObject(""CR-DESKTOP/Home page/Recomended for you/Second slider""))",Safari 12,,2019-08-13 13:06:26,2019-08-13 13:06:26,0.099s,PASSED
delay(2),Safari 12,,2019-08-13 13:06:26,2019-08-13 13:06:28,2.004s,PASSED
"click(findTestObject(""CR-DESKTOP/Home page/Recomended for you/Third slider""))",Safari 12,,2019-08-13 13:06:28,2019-08-13 13:06:28,0.084s,PASSED
delay(2),Safari 12,,2019-08-13 13:06:28,2019-08-13 13:06:30,2.003s,PASSED
"click(findTestObject(""CR-DESKTOP/Home page/Recomended for you/Fourth slider""))",Safari 12,,2019-08-13 13:06:30,2019-08-13 13:06:31,0.095s,PASSED
delay(2),Safari 12,,2019-08-13 13:06:31,2019-08-13 13:06:33,2.004s,PASSED
"click(findTestObject(""CR-DESKTOP/Home page/Recomended for you/First slider""))",Safari 12,,2019-08-13 13:06:33,2019-08-13 13:06:33,0.097s,PASSED
,,,,,,
Test Cases/HOME PAGE/Mega menu navigation,Safari 12,,2019-08-13 13:06:33,2019-08-13 13:06:47,14.583s,FAILED
"callTestCase(findTestCase(""CALL-URL""), [:], STOP_ON_FAILURE)",Safari 12,,2019-08-13 13:06:33,2019-08-13 13:06:39,5.889s,PASSED
delay(2),Safari 12,,2019-08-13 13:06:39,2019-08-13 13:06:41,2.001s,PASSED
"mouseOver(findTestObject(""CR-DESKTOP/Mega menu/NEW""))",Safari 12,,2019-08-13 13:06:41,2019-08-13 13:06:41,0.154s,PASSED
delay(2),Safari 12,,2019-08-13 13:06:41,2019-08-13 13:06:43,2.004s,PASSED
"mouseOver(findTestObject(""CR-DESKTOP/Mega menu/NEW""))",Safari 12,,2019-08-13 13:06:43,2019-08-13 13:06:43,0.149s,PASSED
"click(findTestObject(""CR-DESKTOP/Mega menu/New - Shoes""))",Safari 12,,2019-08-13 13:06:43,2019-08-13 13:06:45,1.641s,PASSED
delay(2),Safari 12,,2019-08-13 13:06:45,2019-08-13 13:06:47,2.002s,PASSED
"mouseOver(findTestObject(""CR-DESKTOP/Mega menu/NEW""))",Safari 12,,2019-08-13 13:06:47,2019-08-13 13:06:47,0.150s,PASSED
"click(findTestObject(""CR-DESKTOP/Mega menu/New - jeans""))",Safari 12,,2019-08-13 13:06:47,2019-08-13 13:06:47,0.283s,FAILED
,,,,,,
Test Cases/HOME PAGE/Recommended for you,Safari 12,,2019-08-13 13:06:47,2019-08-13 13:06:59,11.765s,FAILED
"callTestCase(findTestCase(""CALL-URL""), [:], STOP_ON_FAILURE)",Safari 12,,2019-08-13 13:06:47,2019-08-13 13:06:52,4.949s,PASSED
delay(2),Safari 12,,2019-08-13 13:06:52,2019-08-13 13:06:54,2.009s,PASSED
"scrollToElement(findTestObject(""CR-DESKTOP/Home page/Recomended for you/Recomended for you section""), 0)",Safari 12,,2019-08-13 13:06:54,2019-08-13 13:06:54,0.040s,PASSED
delay(2),Safari 12,,2019-08-13 13:06:54,2019-08-13 13:06:56,2.005s,PASSED
"for ([i = 1, i <= 3, (i++)])",Safari 12,,2019-08-13 13:06:56,2019-08-13 13:06:59,2.686s,FAILED
,,,,,,
Test Cases/HOME PAGE/Home page - CTA,Safari 12,,2019-08-13 13:06:59,2019-08-13 13:07:57,57.848s,PASSED
"callTestCase(findTestCase(""CALL-URL""), [:], STOP_ON_FAILURE)",Safari 12,,2019-08-13 13:06:59,2019-08-13 13:07:04,4.955s,PASSED
delay(2),Safari 12,,2019-08-13 13:07:04,2019-08-13 13:07:06,2.003s,PASSED
"click(findTestObject(""CR-DESKTOP/Home page/Add prod - home page/Hero banner - 1 st""))",Safari 12,,2019-08-13 13:07:06,2019-08-13 13:07:08,1.421s,PASSED
delay(2),Safari 12,,2019-08-13 13:07:08,2019-08-13 13:07:10,2.002s,PASSED
getWindowTitle(),Safari 12,,2019-08-13 13:07:10,2019-08-13 13:07:10,0.025s,PASSED
delay(2),Safari 12,,2019-08-13 13:07:10,2019-08-13 13:07:12,2.003s,PASSED
"click(findTestObject(""CR-DESKTOP/Home page/Add prod - home page/Charlotte russe icon""))",Safari 12,,2019-08-13 13:07:12,2019-08-13 13:07:14,2.039s,PASSED
delay(2),Safari 12,,2019-08-13 13:07:14,2019-08-13 13:07:16,2.001s,PASSED
"click(findTestObject(""CR-DESKTOP/Home page/Add prod - home page/banner - slider""))",Safari 12,,2019-08-13 13:07:16,2019-08-13 13:07:16,0.255s,PASSED
delay(2),Safari 12,,2019-08-13 13:07:16,2019-08-13 13:07:18,2.002s,PASSED
"click(findTestObject(""CR-DESKTOP/Home page/Add prod - home page/Hero banner - 2nd""))",Safari 12,,2019-08-13 13:07:18,2019-08-13 13:07:19,1.014s,PASSED
delay(2),Safari 12,,2019-08-13 13:07:19,2019-08-13 13:07:21,2.005s,PASSED
a = getWindowTitle(),Safari 12,,2019-08-13 13:07:21,2019-08-13 13:07:21,0.026s,PASSED
"comment(""a="" + a)",Safari 12,,2019-08-13 13:07:21,2019-08-13 13:07:21,0.000s,PASSED
"k = ""Charlotte Russe | Dresses - Shop All Dresses """,Safari 12,,2019-08-13 13:07:21,2019-08-13 13:07:21,0.000s,PASSED
"comment(""k="" + k)",Safari 12,,2019-08-13 13:07:21,2019-08-13 13:07:21,0.001s,PASSED
if (a == k),Safari 12,,2019-08-13 13:07:21,2019-08-13 13:07:21,0.000s,PASSED
"click(findTestObject(""CR-DESKTOP/Home page/Add prod - home page/Charlotte russe icon""))",Safari 12,,2019-08-13 13:07:21,2019-08-13 13:07:22,0.896s,PASSED
delay(2),Safari 12,,2019-08-13 13:07:22,2019-08-13 13:07:24,2.004s,PASSED
"click(findTestObject(""CR-DESKTOP/Home page/Hero banner - 3 rd""))",Safari 12,,2019-08-13 13:07:24,2019-08-13 13:07:26,1.920s,PASSED
delay(2),Safari 12,,2019-08-13 13:07:26,2019-08-13 13:07:28,2.003s,PASSED
b = getWindowTitle(),Safari 12,,2019-08-13 13:07:28,2019-08-13 13:07:28,0.025s,PASSED
"k1 = ""Charlotte Russe | Shoes - Shop All Shoes """,Safari 12,,2019-08-13 13:07:28,2019-08-13 13:07:28,0.000s,PASSED
if (b == k1),Safari 12,,2019-08-13 13:07:28,2019-08-13 13:07:28,0.000s,PASSED
delay(2),Safari 12,,2019-08-13 13:07:28,2019-08-13 13:07:30,2.003s,PASSED
"click(findTestObject(""CR-DESKTOP/Home page/Add prod - home page/Charlotte russe icon""))",Safari 12,,2019-08-13 13:07:30,2019-08-13 13:07:32,2.542s,PASSED
delay(2),Safari 12,,2019-08-13 13:07:32,2019-08-13 13:07:34,2.004s,PASSED
"click(findTestObject(""CR-DESKTOP/Home page/Add prod - home page/middle tile - home page""))",Safari 12,,2019-08-13 13:07:34,2019-08-13 13:07:36,1.785s,PASSED
delay(2),Safari 12,,2019-08-13 13:07:36,2019-08-13 13:07:38,2.011s,PASSED
c = getWindowTitle(),Safari 12,,2019-08-13 13:07:38,2019-08-13 13:07:39,0.450s,PASSED
"k2 = ""Charlotte Russe | Clothes - Sets """,Safari 12,,2019-08-13 13:07:39,2019-08-13 13:07:39,0.000s,PASSED
if (c == k2),Safari 12,,2019-08-13 13:07:39,2019-08-13 13:07:39,0.000s,PASSED
delay(2),Safari 12,,2019-08-13 13:07:39,2019-08-13 13:07:41,2.003s,PASSED
"click(findTestObject(""CR-DESKTOP/Home page/Add prod - home page/Charlotte russe icon""))",Safari 12,,2019-08-13 13:07:41,2019-08-13 13:07:42,1.626s,PASSED
delay(2),Safari 12,,2019-08-13 13:07:42,2019-08-13 13:07:44,2.008s,PASSED
"click(findTestObject(""CR-DESKTOP/Home page/First tile- home page""))",Safari 12,,2019-08-13 13:07:44,2019-08-13 13:07:45,0.800s,PASSED
delay(2),Safari 12,,2019-08-13 13:07:45,2019-08-13 13:07:47,2.002s,PASSED
d = getWindowTitle(),Safari 12,,2019-08-13 13:07:47,2019-08-13 13:07:47,0.009s,PASSED
"k3 = ""Charlotte Russe | Clothes - Shop All Tops """,Safari 12,,2019-08-13 13:07:47,2019-08-13 13:07:47,0.000s,PASSED
if (d == k3),Safari 12,,2019-08-13 13:07:47,2019-08-13 13:07:47,0.001s,PASSED
delay(2),Safari 12,,2019-08-13 13:07:47,2019-08-13 13:07:49,2.014s,PASSED
"click(findTestObject(""CR-DESKTOP/Home page/Add prod - home page/Charlotte russe icon""))",Safari 12,,2019-08-13 13:07:49,2019-08-13 13:07:50,1.045s,PASSED
delay(2),Safari 12,,2019-08-13 13:07:50,2019-08-13 13:07:52,2.005s,PASSED
"click(findTestObject(""CR-DESKTOP/Home page/Second tile- home page""))",Safari 12,,2019-08-13 13:07:52,2019-08-13 13:07:55,2.668s,PASSED
delay(2),Safari 12,,2019-08-13 13:07:55,2019-08-13 13:07:57,2.003s,PASSED
e = getWindowTitle(),Safari 12,,2019-08-13 13:07:57,2019-08-13 13:07:57,0.014s,PASSED
"k4 = ""Charlotte Russe | Plus Sizes - Shop All Plus Sizes """,Safari 12,,2019-08-13 13:07:57,2019-08-13 13:07:57,0.000s,PASSED
if (e == k4),Safari 12,,2019-08-13 13:07:57,2019-08-13 13:07:57,0.001s,PASSED
,,,,,,
Test Cases/HOME PAGE/Language toggler,Safari 12,,2019-08-13 13:07:57,2019-08-13 13:08:07,10.247s,FAILED
"callTestCase(findTestCase(""CALL-URL""), [:], STOP_ON_FAILURE)",Safari 12,,2019-08-13 13:07:57,2019-08-13 13:08:01,4.467s,PASSED
delay(2),Safari 12,,2019-08-13 13:08:01,2019-08-13 13:08:03,2.002s,PASSED
"click(findTestObject(""CR-DESKTOP/Home page/Spanish""))",Safari 12,,2019-08-13 13:08:03,2019-08-13 13:08:04,0.095s,PASSED
delay(2),Safari 12,,2019-08-13 13:08:04,2019-08-13 13:08:06,2.001s,PASSED
takeScreenshot(),Safari 12,,2019-08-13 13:08:06,2019-08-13 13:08:06,0.963s,PASSED
"executeJavaScript(""var previewBar = document.getElementById(""preview-bar-iframe""); previewBar.style.display = ""none"";"", [])",Safari 12,,2019-08-13 13:08:06,2019-08-13 13:08:06,0.001s,NOT_RUN
"click(findTestObject(""CR-DESKTOP/Home page/English""))",Safari 12,,2019-08-13 13:08:06,2019-08-13 13:08:07,0.641s,FAILED
,,,,,,
Test Cases/HOME PAGE/Footer,Safari 12,,2019-08-13 13:08:07,2019-08-13 13:16:17,8m - 9.672s,FAILED
"callTestCase(findTestCase(""CALL-URL""), [:], STOP_ON_FAILURE)",Safari 12,,2019-08-13 13:08:07,2019-08-13 13:08:17,9.549s,PASSED
delay(2),Safari 12,,2019-08-13 13:08:17,2019-08-13 13:08:19,2.006s,PASSED
"click(findTestObject(""CR-DESKTOP/Home page/Footer/a_Contact Us""))",Safari 12,,2019-08-13 13:08:19,2019-08-13 13:08:20,1.393s,PASSED
delay(2),Safari 12,,2019-08-13 13:08:20,2019-08-13 13:08:22,2.001s,PASSED
"click(findTestObject(""CR-DESKTOP/Home page/Footer/a_Track Order""))",Safari 12,,2019-08-13 13:08:22,2019-08-13 13:08:24,2.195s,PASSED
delay(2),Safari 12,,2019-08-13 13:08:24,2019-08-13 13:08:26,2.004s,PASSED
"click(findTestObject(""CR-DESKTOP/Home page/Footer/a_Shipping Info""))",Safari 12,,2019-08-13 13:08:26,2019-08-13 13:08:28,1.102s,PASSED
delay(2),Safari 12,,2019-08-13 13:08:28,2019-08-13 13:08:30,2.005s,PASSED
"click(findTestObject(""CR-DESKTOP/Home page/Footer/a_Return Policy""))",Safari 12,,2019-08-13 13:08:30,2019-08-13 13:08:31,1.338s,PASSED
delay(2),Safari 12,,2019-08-13 13:08:31,2019-08-13 13:08:33,2.014s,PASSED
"click(findTestObject(""CR-DESKTOP/Home page/Footer/a_About Us""))",Safari 12,,2019-08-13 13:08:33,2019-08-13 13:08:33,0.201s,PASSED
delay(2),Safari 12,,2019-08-13 13:08:33,2019-08-13 13:08:35,2.004s,PASSED
"click(findTestObject(""CR-DESKTOP/Home page/Footer/a_Careers""))",Safari 12,,2019-08-13 13:08:35,2019-08-13 13:08:35,0.183s,PASSED
delay(2),Safari 12,,2019-08-13 13:08:35,2019-08-13 13:08:37,2.004s,PASSED
"click(findTestObject(""CR-DESKTOP/Home page/Footer/a_Terms  Conditions""))",Safari 12,,2019-08-13 13:08:37,2019-08-13 13:08:38,0.393s,PASSED
delay(2),Safari 12,,2019-08-13 13:08:38,2019-08-13 13:08:40,2.003s,PASSED
"click(findTestObject(""CR-DESKTOP/Home page/Footer/a_Privacy Policy""))",Safari 12,,2019-08-13 13:08:40,2019-08-13 13:08:41,1.200s,PASSED
delay(2),Safari 12,,2019-08-13 13:08:41,2019-08-13 13:08:43,2.001s,PASSED
"click(findTestObject(""CR-DESKTOP/Home page/Footer/a_Social Media Policy""))",Safari 12,,2019-08-13 13:08:43,2019-08-13 13:08:44,1.194s,PASSED
delay(2),Safari 12,,2019-08-13 13:08:44,2019-08-13 13:08:46,2.003s,PASSED
"click(findTestObject(""CR-DESKTOP/Home page/Footer/a_FAQs""))",Safari 12,,2019-08-13 13:08:46,2019-08-13 13:08:47,1.197s,PASSED
delay(2),Safari 12,,2019-08-13 13:08:47,2019-08-13 13:08:49,2.005s,PASSED
"click(findTestObject(""CR-DESKTOP/Home page/Footer/a_Size Chart""))",Safari 12,,2019-08-13 13:08:49,2019-08-13 13:08:49,0.175s,PASSED
delay(2),Safari 12,,2019-08-13 13:08:49,2019-08-13 13:08:51,2.004s,PASSED
"click(findTestObject(""CR-DESKTOP/Home page/Footer/a_Find a Store""))",Safari 12,,2019-08-13 13:08:51,2019-08-13 13:08:53,1.589s,PASSED
delay(2),Safari 12,,2019-08-13 13:08:53,2019-08-13 13:08:55,2.004s,PASSED
"click(findTestObject(""CR-DESKTOP/Home page/Footer/Facebook""))",Safari 12,,2019-08-13 13:08:55,2019-08-13 13:08:56,0.423s,PASSED
delay(2),Safari 12,,2019-08-13 13:08:56,2019-08-13 13:08:58,2.006s,PASSED
"click(findTestObject(""CR-DESKTOP/Home page/Footer/twitter""))",Safari 12,,2019-08-13 13:08:58,2019-08-13 13:08:58,0.645s,PASSED
delay(2),Safari 12,,2019-08-13 13:08:58,2019-08-13 13:09:00,2.004s,PASSED
"click(findTestObject(""CR-DESKTOP/Home page/Footer/Instagram""))",Safari 12,,2019-08-13 13:09:00,2019-08-13 13:09:00,0.049s,PASSED
delay(2),Safari 12,,2019-08-13 13:09:00,2019-08-13 13:09:02,2.002s,PASSED
"click(findTestObject(""CR-DESKTOP/Home page/Footer/Pintrest""))",Safari 12,,2019-08-13 13:09:02,2019-08-13 13:09:02,0.055s,PASSED
delay(2),Safari 12,,2019-08-13 13:09:02,2019-08-13 13:09:04,2.006s,PASSED
"click(findTestObject(""CR-DESKTOP/Home page/Footer/youtube""))",Safari 12,,2019-08-13 13:09:04,2019-08-13 13:09:05,0.594s,PASSED
delay(2),Safari 12,,2019-08-13 13:09:05,2019-08-13 13:09:07,2.005s,PASSED
"setText(findTestObject(""CR-DESKTOP/Home page/Footer/Input""), ""suman@gmail.com"")",Safari 12,,2019-08-13 13:09:07,2019-08-13 13:16:17,7m - 9.922s,FAILED
,,,,,,
Test Cases/HOME PAGE/Cart flyout opening,Safari 12,,2019-08-13 13:16:17,2019-08-13 13:16:17,0.317s,FAILED
"callTestCase(findTestCase(""CALL-URL""), [:], STOP_ON_FAILURE)",Safari 12,,2019-08-13 13:16:17,2019-08-13 13:16:17,0.162s,FAILED
,,,,,,
Test Cases/PRODUCT PAGE/Product - breadcrumb,Safari 12,,2019-08-13 13:16:17,2019-08-13 13:16:48,31.196s,FAILED
"callTestCase(findTestCase(""CALL-URL""), [:], STOP_ON_FAILURE)",Safari 12,,2019-08-13 13:16:17,2019-08-13 13:16:48,30.924s,FAILED
,,,,,,
Test Cases/PRODUCT PAGE/You may also like - Other customers viewed,Safari 12,,2019-08-13 13:16:48,2019-08-13 13:17:19,30.454s,FAILED
"callTestCase(findTestCase(""CALL-URL""), [:], STOP_ON_FAILURE)",Safari 12,,2019-08-13 13:16:48,2019-08-13 13:17:19,30.334s,FAILED
,,,,,,
Test Cases/PRODUCT PAGE/Add to wishlist,Safari 12,,2019-08-13 13:17:19,2019-08-13 13:17:49,30.435s,FAILED
"callTestCase(findTestCase(""CALL-URL""), [:], STOP_ON_FAILURE)",Safari 12,,2019-08-13 13:17:19,2019-08-13 13:17:49,30.333s,FAILED
,,,,,,
Test Cases/PRODUCT PAGE/product image sliders - hovering,Safari 12,,2019-08-13 13:17:49,2019-08-13 13:18:20,30.486s,FAILED
"callTestCase(findTestCase(""CALL-URL""), [:], STOP_ON_FAILURE)",Safari 12,,2019-08-13 13:17:49,2019-08-13 13:18:20,30.404s,FAILED
,,,,,,
Test Cases/PRODUCT PAGE/Recently viewed,Safari 12,,2019-08-13 13:18:20,2019-08-13 13:18:50,30.465s,FAILED
"callTestCase(findTestCase(""CALL-URL""), [:], STOP_ON_FAILURE)",Safari 12,,2019-08-13 13:18:20,2019-08-13 13:18:50,30.390s,FAILED
,,,,,,
Test Cases/CRITICAL PATH/Increase quantity - cart page,Safari 12,,2019-08-13 13:18:50,2019-08-13 13:19:21,30.442s,FAILED
"callTestCase(findTestCase(""CALL-URL""), [:], STOP_ON_FAILURE)",Safari 12,,2019-08-13 13:18:50,2019-08-13 13:19:21,30.321s,FAILED
,,,,,,
Test Cases/CRITICAL PATH/Increase quantity - cart flyout,Safari 12,,2019-08-13 13:19:21,2019-08-13 13:19:51,30.446s,FAILED
"callTestCase(findTestCase(""CALL-URL""), [:], STOP_ON_FAILURE)",Safari 12,,2019-08-13 13:19:21,2019-08-13 13:19:51,30.378s,FAILED
,,,,,,
Test Cases/CRITICAL PATH/Quick add,Safari 12,,2019-08-13 13:19:51,2019-08-13 13:20:22,30.418s,FAILED
"callTestCase(findTestCase(""CALL-URL""), [:], STOP_ON_FAILURE)",Safari 12,,2019-08-13 13:19:51,2019-08-13 13:20:22,30.334s,FAILED
,,,,,,
Test Cases/CRITICAL PATH/Price comparison - cart page,Safari 12,,2019-08-13 13:20:22,2019-08-13 13:20:52,30.507s,FAILED
"callTestCase(findTestCase(""CALL-URL""), [:], STOP_ON_FAILURE)",Safari 12,,2019-08-13 13:20:22,2019-08-13 13:20:52,30.431s,FAILED
,,,,,,
Test Cases/CRITICAL PATH/Decrease quantity - cart page,Safari 12,,2019-08-13 13:20:52,2019-08-13 13:21:22,30.449s,FAILED
"callTestCase(findTestCase(""CALL-URL""), [:], STOP_ON_FAILURE)",Safari 12,,2019-08-13 13:20:52,2019-08-13 13:21:22,30.377s,FAILED
,,,,,,
Test Cases/CRITICAL PATH/Login and Logout,Safari 12,,2019-08-13 13:21:22,2019-08-13 13:21:53,30.490s,FAILED
"callTestCase(findTestCase(""CALL-URL""), [:], STOP_ON_FAILURE)",Safari 12,,2019-08-13 13:21:23,2019-08-13 13:21:53,30.422s,FAILED
,,,,,,
Test Cases/CRITICAL PATH/Decrease quantity - cart flyout,Safari 12,,2019-08-13 13:21:53,2019-08-13 13:22:23,30.462s,FAILED
"callTestCase(findTestCase(""CALL-URL""), [:], STOP_ON_FAILURE)",Safari 12,,2019-08-13 13:21:53,2019-08-13 13:22:23,30.367s,FAILED
,,,,,,
Test Cases/CRITICAL PATH/Adding products - Search flyout,Safari 12,,2019-08-13 13:22:23,2019-08-13 13:22:54,30.462s,FAILED
"callTestCase(findTestCase(""CALL-URL""), [:], STOP_ON_FAILURE)",Safari 12,,2019-08-13 13:22:24,2019-08-13 13:22:54,30.376s,FAILED
,,,,,,
Test Cases/CRITICAL PATH/Adding products - home page,Safari 12,,2019-08-13 13:22:54,2019-08-13 13:23:24,30.463s,FAILED
"callTestCase(findTestCase(""CALL-URL""), [:], STOP_ON_FAILURE)",Safari 12,,2019-08-13 13:22:54,2019-08-13 13:23:24,30.398s,FAILED
,,,,,,
Test Cases/CRITICAL PATH/Price comparison - cart flyout,Safari 12,,2019-08-13 13:23:24,2019-08-13 13:23:55,30.809s,FAILED
"callTestCase(findTestCase(""CALL-URL""), [:], STOP_ON_FAILURE)",Safari 12,,2019-08-13 13:23:25,2019-08-13 13:23:55,30.552s,FAILED
,,,,,,
Test Cases/CRITICAL PATH/Different products,Safari 12,,2019-08-13 13:23:55,2019-08-13 13:24:26,30.548s,FAILED
"callTestCase(findTestCase(""CALL-URL""), [:], STOP_ON_FAILURE)",Safari 12,,2019-08-13 13:23:55,2019-08-13 13:24:26,30.391s,FAILED
